season,team,plays_pg
2022,Air Force,64.84615384615384
2022,Akron,68.91666666666667
2022,Alabama,69.0
2022,App State,72.08333333333333
2022,Arizona,66.08333333333333
2022,Arizona State,65.16666666666667
2022,Arkansas,73.38461538461539
2022,Arkansas State,64.5
2022,Army,60.25
2022,Auburn,65.91666666666667
2022,Ball State,72.91666666666667
2022,Baylor,68.0
2022,Boise State,65.85714285714286
2022,Boston College,64.91666666666667
2022,Bowling Green,61.61538461538461
2022,Buffalo,72.92307692307692
2022,BYU,64.07692307692308
2022,California,65.16666666666667
2022,Central Michigan,68.58333333333333
2022,Charlotte,68.16666666666667
2022,Cincinnati,64.0
2022,Clemson,73.07142857142857
2022,Coastal Carolina,67.61538461538461
2022,Colorado,60.333333333333336
2022,Colorado State,59.416666666666664
2022,Duke,65.92307692307692
2022,East Carolina,69.61538461538461
2022,Eastern Michigan,69.15384615384616
2022,Florida,64.46153846153847
2022,Florida Atlantic,71.58333333333333
2022,Florida International,68.41666666666667
2022,Florida State,69.15384615384616
2022,Fresno State,65.64285714285714
2022,Georgia,69.26666666666667
2022,Georgia Southern,75.07692307692308
2022,Georgia State,72.58333333333333
2022,Georgia Tech,67.66666666666667
2022,Hawai'i,68.46153846153847
2022,Houston,68.76923076923077
2022,Illinois,71.15384615384616
2022,Indiana,73.0
2022,Iowa,59.23076923076923
2022,Iowa State,71.83333333333333
2022,James Madison,73.27272727272727
2022,Kansas,63.38461538461539
2022,Kansas State,67.64285714285714
2022,Kent State,71.33333333333333
2022,Kentucky,62.53846153846154
2022,Liberty,68.53846153846153
2022,Louisiana,68.61538461538461
2022,Louisiana Tech,69.83333333333333
2022,Louisville,67.53846153846153
2022,LSU,71.14285714285714
2022,Marshall,73.76923076923077
2022,Maryland,70.23076923076923
2022,Massachusetts,66.58333333333333
2022,Memphis,72.6923076923077
2022,Miami,67.08333333333333
2022,Miami (OH),55.76923076923077
2022,Michigan,69.35714285714286
2022,Michigan State,64.41666666666667
2022,Middle Tennessee,72.76923076923077
2022,Minnesota,65.07692307692308
2022,Mississippi State,71.15384615384616
2022,Missouri,67.46153846153847
2022,Navy,68.83333333333333
2022,NC State,69.84615384615384
2022,Nebraska,62.75
2022,Nevada,69.75
2022,New Mexico,57.5
2022,New Mexico State,58.23076923076923
2022,North Carolina,73.64285714285714
2022,Northern Illinois,65.41666666666667
2022,North Texas,69.28571428571429
2022,Northwestern,74.58333333333333
2022,Notre Dame,67.07692307692308
2022,Ohio,68.28571428571429
2022,Ohio State,67.46153846153847
2022,Oklahoma,72.53846153846153
2022,Oklahoma State,77.15384615384616
2022,Old Dominion,60.083333333333336
2022,Ole Miss,76.61538461538461
2022,Oregon,72.46153846153847
2022,Oregon State,64.61538461538461
2022,Penn State,69.92307692307692
2022,Pittsburgh,69.84615384615384
2022,Purdue,74.21428571428571
2022,Rice,65.53846153846153
2022,Rutgers,61.25
2022,San Diego State,61.07692307692308
2022,San José State,63.833333333333336
2022,SMU,77.0
2022,South Alabama,73.23076923076923
2022,South Carolina,63.30769230769231
2022,Southern Miss,62.92307692307692
2022,South Florida,63.416666666666664
2022,Stanford,68.16666666666667
2022,Syracuse,62.07692307692308
2022,TCU,67.86666666666666
2022,Temple,67.25
2022,Tennessee,72.6923076923077
2022,Texas,67.15384615384616
2022,Texas A&M,63.416666666666664
2022,Texas State,66.58333333333333
2022,Texas Tech,82.46153846153847
2022,Toledo,71.85714285714286
2022,Troy,64.28571428571429
2022,Tulane,67.0
2022,Tulsa,69.83333333333333
2022,UAB,63.84615384615385
2022,UCF,76.0
2022,UCLA,72.15384615384616
2022,UConn,60.92307692307692
2022,UL Monroe,61.166666666666664
2022,UNLV,61.083333333333336
2022,USC,71.0
2022,Utah,69.64285714285714
2022,Utah State,72.23076923076923
2022,UTEP,66.25
2022,UTSA,72.28571428571429
2022,Vanderbilt,64.25
2022,Virginia,63.5
2022,Virginia Tech,65.27272727272727
2022,Wake Forest,76.15384615384616
2022,Washington,74.07692307692308
2022,Washington State,65.07692307692308
2022,Western Kentucky,69.28571428571429
2022,Western Michigan,61.666666666666664
2022,West Virginia,73.0
2022,Wisconsin,62.92307692307692
2022,Wyoming,60.0
2023,Air Force,62.84615384615385
2023,Akron,61.166666666666664
2023,Alabama,62.92857142857143
2023,App State,70.35714285714286
2023,Arizona,65.6923076923077
2023,Arizona State,67.0
2023,Arkansas,66.41666666666667
2023,Arkansas State,63.46153846153846
2023,Army,60.916666666666664
2023,Auburn,63.61538461538461
2023,Ball State,64.25
2023,Baylor,70.5
2023,Boise State,65.57142857142857
2023,Boston College,69.61538461538461
2023,Bowling Green,59.15384615384615
2023,Buffalo,69.91666666666667
2023,BYU,61.833333333333336
2023,California,70.61538461538461
2023,Central Michigan,64.5
2023,Charlotte,64.66666666666667
2023,Cincinnati,72.08333333333333
2023,Clemson,75.46153846153847
2023,Coastal Carolina,66.38461538461539
2023,Colorado,68.08333333333333
2023,Colorado State,68.91666666666667
2023,Duke,60.38461538461539
2023,East Carolina,63.5
2023,Eastern Michigan,59.69230769230769
2023,Florida,66.66666666666667
2023,Florida Atlantic,64.16666666666667
2023,Florida International,61.25
2023,Florida State,63.714285714285715
2023,Fresno State,67.23076923076923
2023,Georgia,68.21428571428571
2023,Georgia Southern,72.53846153846153
2023,Georgia State,66.92307692307692
2023,Georgia Tech,65.92307692307692
2023,Hawai'i,65.15384615384616
2023,Houston,63.416666666666664
2023,Illinois,66.75
2023,Indiana,65.41666666666667
2023,Iowa,59.142857142857146
2023,Iowa State,57.84615384615385
2023,Jacksonville State,76.3076923076923
2023,James Madison,66.53846153846153
2023,Kansas,62.07692307692308
2023,Kansas State,73.61538461538461
2023,Kent State,62.083333333333336
2023,Kentucky,54.46153846153846
2023,Liberty,68.57142857142857
2023,Louisiana,63.46153846153846
2023,Louisiana Tech,65.91666666666667
2023,Louisville,66.21428571428571
2023,LSU,63.38461538461539
2023,Marshall,66.3076923076923
2023,Maryland,64.92307692307692
2023,Massachusetts,60.333333333333336
2023,Memphis,68.92307692307692
2023,Miami,66.84615384615384
2023,Miami (OH),56.42857142857143
2023,Michigan,61.13333333333333
2023,Michigan State,61.833333333333336
2023,Middle Tennessee,68.16666666666667
2023,Minnesota,62.46153846153846
2023,Mississippi State,61.666666666666664
2023,Missouri,66.38461538461539
2023,Navy,61.833333333333336
2023,NC State,65.23076923076923
2023,Nebraska,60.166666666666664
2023,Nevada,65.25
2023,New Mexico,65.41666666666667
2023,New Mexico State,60.666666666666664
2023,North Carolina,71.07692307692308
2023,Northern Illinois,63.30769230769231
2023,North Texas,73.91666666666667
2023,Northwestern,64.46153846153847
2023,Notre Dame,62.0
2023,Ohio,66.3076923076923
2023,Ohio State,63.53846153846154
2023,Oklahoma,72.23076923076923
2023,Oklahoma State,71.78571428571429
2023,Old Dominion,63.0
2023,Ole Miss,70.92307692307692
2023,Oregon,67.5
2023,Oregon State,63.07692307692308
2023,Penn State,70.0
2023,Pittsburgh,59.083333333333336
2023,Purdue,70.75
2023,Rice,61.76923076923077
2023,Rutgers,62.0
2023,Sam Houston,66.83333333333333
2023,San Diego State,63.25
2023,San José State,61.0
2023,SMU,70.42857142857143
2023,South Alabama,67.6923076923077
2023,South Carolina,64.41666666666667
2023,Southern Miss,69.66666666666667
2023,South Florida,78.3076923076923
2023,Stanford,69.0
2023,Syracuse,65.3076923076923
2023,TCU,71.66666666666667
2023,Temple,69.33333333333333
2023,Tennessee,69.0
2023,Texas,69.28571428571429
2023,Texas A&M,68.0
2023,Texas State,72.53846153846153
2023,Texas Tech,72.07692307692308
2023,Toledo,64.07142857142857
2023,Troy,66.71428571428571
2023,Tulane,63.42857142857143
2023,Tulsa,70.58333333333333
2023,UAB,69.75
2023,UCF,67.92307692307692
2023,UCLA,71.38461538461539
2023,UConn,63.916666666666664
2023,UL Monroe,62.75
2023,UNLV,66.78571428571429
2023,USC,62.92307692307692
2023,Utah,67.6923076923077
2023,Utah State,70.3076923076923
2023,UTEP,64.66666666666667
2023,UTSA,73.53846153846153
2023,Vanderbilt,60.916666666666664
2023,Virginia,70.33333333333333
2023,Virginia Tech,65.07692307692308
2023,Wake Forest,64.75
2023,Washington,65.2
2023,Washington State,70.25
2023,Western Kentucky,68.46153846153847
2023,Western Michigan,71.91666666666667
2023,West Virginia,69.15384615384616
2023,Wisconsin,70.23076923076923
2023,Wyoming,58.76923076923077
2024,Air Force,66.75
2024,Akron,64.0
2024,Alabama,64.92307692307692
2024,App State,70.27272727272727
2024,Arizona,63.75
2024,Arizona State,68.0
2024,Arkansas,69.15384615384616
2024,Arkansas State,70.76923076923077
2024,Army,59.42857142857143
2024,Auburn,64.0
2024,Ball State,67.0
2024,Baylor,69.61538461538461
2024,Boise State,68.71428571428571
2024,Boston College,66.0
2024,Bowling Green,64.92307692307692
2024,Buffalo,67.38461538461539
2024,BYU,64.15384615384616
2024,California,65.3076923076923
2024,Central Michigan,61.5
2024,Charlotte,60.916666666666664
2024,Cincinnati,68.08333333333333
2024,Clemson,71.28571428571429
2024,Coastal Carolina,63.15384615384615
2024,Colorado,62.23076923076923
2024,Colorado State,64.84615384615384
2024,Duke,64.6923076923077
2024,East Carolina,68.38461538461539
2024,Eastern Michigan,68.91666666666667
2024,Florida,61.53846153846154
2024,Florida Atlantic,66.58333333333333
2024,Florida International,60.666666666666664
2024,Florida State,60.25
2024,Fresno State,62.15384615384615
2024,Georgia,66.85714285714286
2024,Georgia Southern,67.46153846153847
2024,Georgia State,67.08333333333333
2024,Georgia Tech,68.76923076923077
2024,Hawai'i,67.5
2024,Houston,59.083333333333336
2024,Illinois,62.92307692307692
2024,Indiana,65.15384615384616
2024,Iowa,57.84615384615385
2024,Iowa State,70.42857142857143
2024,Jacksonville State,67.57142857142857
2024,James Madison,68.76923076923077
2024,Kansas,63.083333333333336
2024,Kansas State,64.53846153846153
2024,Kennesaw State,61.25
2024,Kent State,51.083333333333336
2024,Kentucky,62.0
2024,Liberty,68.08333333333333
2024,Louisiana,63.0
2024,Louisiana Tech,67.92307692307692
2024,Louisville,64.61538461538461
2024,LSU,69.6923076923077
2024,Marshall,62.38461538461539
2024,Maryland,71.33333333333333
2024,Massachusetts,66.16666666666667
2024,Memphis,70.76923076923077
2024,Miami,71.07692307692308
2024,Miami (OH),52.714285714285715
2024,Michigan,61.0
2024,Michigan State,61.666666666666664
2024,Middle Tennessee,62.5
2024,Minnesota,62.53846153846154
2024,Mississippi State,63.75
2024,Missouri,70.07692307692308
2024,Navy,59.0
2024,NC State,61.15384615384615
2024,Nebraska,66.15384615384616
2024,Nevada,63.61538461538461
2024,New Mexico,64.16666666666667
2024,New Mexico State,61.833333333333336
2024,North Carolina,68.07692307692308
2024,Northern Illinois,69.92307692307692
2024,North Texas,72.38461538461539
2024,Northwestern,62.0
2024,Notre Dame,62.8125
2024,Ohio,64.92857142857143
2024,Ohio State,61.8125
2024,Oklahoma,67.84615384615384
2024,Oklahoma State,66.66666666666667
2024,Old Dominion,66.58333333333333
2024,Ole Miss,71.46153846153847
2024,Oregon,67.78571428571429
2024,Oregon State,69.83333333333333
2024,Penn State,65.5
2024,Pittsburgh,69.76923076923077
2024,Purdue,56.0
2024,Rice,70.0
2024,Rutgers,69.23076923076923
2024,Sam Houston,62.92307692307692
2024,San Diego State,66.16666666666667
2024,San José State,66.3076923076923
2024,SMU,68.78571428571429
2024,South Alabama,63.30769230769231
2024,South Carolina,70.53846153846153
2024,Southern Miss,59.916666666666664
2024,South Florida,71.38461538461539
2024,Stanford,67.0
2024,Syracuse,76.3076923076923
2024,TCU,67.53846153846153
2024,Temple,65.58333333333333
2024,Tennessee,73.84615384615384
2024,Texas,69.75
2024,Texas A&M,66.6923076923077
2024,Texas State,72.84615384615384
2024,Texas Tech,76.84615384615384
2024,Toledo,66.46153846153847
2024,Troy,63.75
2024,Tulane,63.42857142857143
2024,Tulsa,73.08333333333333
2024,UAB,71.5
2024,UCF,68.16666666666667
2024,UCLA,61.166666666666664
2024,UConn,68.6923076923077
2024,UL Monroe,57.833333333333336
2024,UNLV,65.5
2024,USC,69.07692307692308
2024,Utah,63.0
2024,Utah State,68.91666666666667
2024,UTEP,66.33333333333333
2024,UTSA,76.0
2024,Vanderbilt,59.38461538461539
2024,Virginia,69.16666666666667
2024,Virginia Tech,62.61538461538461
2024,Wake Forest,69.83333333333333
2024,Washington,63.69230769230769
2024,Washington State,65.6923076923077
2024,Western Kentucky,64.5
2024,Western Michigan,55.92307692307692
2024,West Virginia,68.6923076923077
2024,Wisconsin,64.91666666666667
2024,Wyoming,65.83333333333333
2025,Air Force,68.58333333333333
2025,Akron,70.66666666666667
2025,Alabama,66.73333333333333
2025,App State,71.53846153846153
2025,Arizona,69.53846153846153
2025,Arizona State,72.84615384615384
2025,Arkansas,65.75
2025,Arkansas State,75.46153846153847
2025,Army,66.84615384615384
2025,Auburn,68.91666666666667
2025,Ball State,61.333333333333336
2025,Baylor,76.91666666666667
2025,Boise State,73.71428571428571
2025,Boston College,70.75
2025,Bowling Green,63.75
2025,Buffalo,69.58333333333333
2025,BYU,67.92857142857143
2025,California,71.0
2025,Central Michigan,62.07692307692308
2025,Charlotte,60.666666666666664
2025,Cincinnati,60.30769230769231
2025,Clemson,68.76923076923077
2025,Coastal Carolina,66.84615384615384
2025,Colorado,66.33333333333333
2025,Colorado State,63.416666666666664
2025,Delaware,73.61538461538461
2025,Duke,69.0
2025,East Carolina,77.61538461538461
2025,Eastern Michigan,68.33333333333333
2025,Florida,62.416666666666664
2025,Florida Atlantic,76.33333333333333
2025,Florida International,70.53846153846153
2025,Florida State,70.33333333333333
2025,Fresno State,66.92307692307692
2025,Georgia,71.92857142857143
2025,Georgia Southern,69.23076923076923
2025,Georgia State,71.41666666666667
2025,Georgia Tech,65.84615384615384
2025,Hawai'i,70.46153846153847
2025,Houston,73.84615384615384
2025,Illinois,64.23076923076923
2025,Indiana,67.6875
2025,Iowa,61.92307692307692
2025,Iowa State,68.58333333333333
2025,Jacksonville State,69.28571428571429
2025,James Madison,71.07142857142857
2025,Kansas,65.58333333333333
2025,Kansas State,63.583333333333336
2025,Kennesaw State,70.0
2025,Kent State,57.666666666666664
2025,Kentucky,67.25
2025,Liberty,67.41666666666667
2025,Louisiana,64.53846153846153
2025,Louisiana Tech,66.76923076923077
2025,Louisville,66.07692307692308
2025,LSU,64.0
2025,Marshall,71.83333333333333
2025,Maryland,66.58333333333333
2025,Massachusetts,66.25
2025,Memphis,69.15384615384616
2025,Miami,67.25
2025,Miami (OH),61.214285714285715
2025,Michigan,65.76923076923077
2025,Michigan State,65.16666666666667
2025,Middle Tennessee,69.83333333333333
2025,Minnesota,60.76923076923077
2025,Mississippi State,72.38461538461539
2025,Missouri,71.53846153846153
2025,Missouri State,66.07692307692308
2025,Navy,64.15384615384616
2025,NC State,64.61538461538461
2025,Nebraska,64.76923076923077
2025,Nevada,60.666666666666664
2025,New Mexico,65.38461538461539
2025,New Mexico State,72.75
2025,North Carolina,59.083333333333336
2025,Northern Illinois,62.166666666666664
2025,North Texas,72.5
2025,Northwestern,65.07692307692308
2025,Notre Dame,63.916666666666664
2025,Ohio,68.0
2025,Ohio State,63.285714285714285
2025,Oklahoma,67.46153846153847
2025,Oklahoma State,65.58333333333333
2025,Old Dominion,68.92307692307692
2025,Ole Miss,73.6
2025,Oregon,65.53333333333333
2025,Oregon State,71.58333333333333
2025,Penn State,62.38461538461539
2025,Pittsburgh,68.76923076923077
2025,Purdue,65.41666666666667
2025,Rice,65.07692307692308
2025,Rutgers,72.75
2025,Sam Houston,63.833333333333336
2025,San Diego State,66.46153846153847
2025,San José State,67.83333333333333
2025,SMU,66.23076923076923
2025,South Alabama,71.91666666666667
2025,South Carolina,62.833333333333336
2025,Southern Miss,69.76923076923077
2025,South Florida,71.0
2025,Stanford,66.25
2025,Syracuse,70.25
2025,TCU,70.0
2025,Temple,59.416666666666664
2025,Tennessee,72.38461538461539
2025,Texas,64.84615384615384
2025,Texas A&M,69.76923076923077
2025,Texas State,74.38461538461539
2025,Texas Tech,74.35714285714286
2025,Toledo,67.3076923076923
2025,Troy,67.14285714285714
2025,Tulane,67.71428571428571
2025,Tulsa,78.66666666666667
2025,UAB,68.83333333333333
2025,UCF,66.16666666666667
2025,UCLA,61.416666666666664
2025,UConn,66.23076923076923
2025,UL Monroe,61.5
2025,UNLV,66.21428571428571
2025,USC,64.76923076923077
2025,Utah,73.15384615384616
2025,Utah State,67.38461538461539
2025,UTEP,65.75
2025,UTSA,67.61538461538461
2025,Vanderbilt,62.38461538461539
2025,Virginia,74.92857142857143
2025,Virginia Tech,64.0
2025,Wake Forest,66.15384615384616
2025,Washington,63.53846153846154
2025,Washington State,66.15384615384616
2025,Western Kentucky,70.46153846153847
2025,Western Michigan,68.42857142857143
2025,West Virginia,70.83333333333333
2025,Wisconsin,58.5
2025,Wyoming,67.58333333333333
