blended_rank,team,conference,blended_score,source_disagreement,model_proj_margin_2026,sp_plus,fpi,national_forecast_rank,record_2025_overall,head_coach,returning_starters_offense,returning_starters_defense,incoming_recruit_points,incoming_ret_percentPPA
1,Ohio State,Big Ten,2.476447985397009,0.044009099682867925,17.849894434443517,31.8,28.7,1,12-2,Ryan Day,8.0,3.0,301.23,0.683
2,Oregon,Big Ten,2.187480157762559,0.032842069642677336,15.937998036188949,28.3,25.3,6,13-2,Dan Lanning,7.0,8.0,303.22,0.753
3,Notre Dame,Independent,2.1710808268148685,0.16227846237646262,16.484106237916848,25.8,25.9,4,10-2,Marcus Freeman,7.0,8.0,299.28,0.512
4,Indiana,Big Ten,2.0151025466799535,0.12149041636146499,15.706176292364466,24.5,23.1,5,16-0,Curt Cignetti,,,226.46,0.166
5,Georgia,SEC,1.961824144140088,0.21920702171103537,13.283784228422943,25.5,24.8,2,12-2,Kirby Smart,6.0,8.0,291.98,0.687
6,Texas Tech,Big 12,1.9486624924368252,0.3100511793667959,16.83275436441746,23.1,20.0,12,12-2,Joey McGuire,6.0,5.0,250.26,0.534
7,Texas,SEC,1.8576250244107613,0.4930072476861031,11.00883295204801,23.7,26.9,3,10-3,Steve Sarkisian,6.0,5.0,291.18,0.721
8,Miami (Fla.),ACC,1.684151943790077,0.20910636965028512,11.838958035059052,21.0,21.8,7,13-3,Mario Cristobal,,,284.61,0.369
9,Texas A&M,SEC,1.6424457329079398,0.10204748217904844,12.380376815870347,20.3,20.0,9,11-2,Mike Elko,4.0,5.0,283.13,0.728
10,USC,Big Ten,1.4450127558846064,0.12289642584788467,11.975683080675438,16.8,17.0,14,9-4,Lincoln Riley,,,310.67,0.592
11,Alabama,SEC,1.4138888388043347,0.35229452611134204,9.006618008767607,18.2,20.1,15,11-4,Kalen DeBoer,1.0,4.0,303.79,0.264
12,Oklahoma,SEC,1.3731907384402702,0.17643333632855981,9.986409483042959,17.2,17.8,8,10-3,Brent Venables,,,252.55,0.632
13,Ole Miss,SEC,1.3606244976806592,0.1081055899057364,11.363240953018483,15.9,16.0,11,13-2,Pete Golding,5.0,5.0,236.72,0.503
14,Tennessee,SEC,1.2311206906133096,0.1043682875441643,9.36826122771318,16.0,15.1,21,8-5,Josh Heupel,8.0,4.0,290.71,0.353
15,BYU,Big 12,1.2271227027195264,0.08682932771522439,10.637473297551887,15.5,13.1,16,12-2,Kalani Sitake,,,237.33,0.785
16,Michigan,Big Ten,1.2269702117316874,0.18535014238665673,8.799512132548244,16.1,15.9,13,9-4,Kyle Whittingham,6.0,3.0,270.12,0.692
17,LSU,SEC,1.2257775378381055,0.7590726477881783,4.559152494382708,20.2,20.0,10,7-6,Lane Kiffin,3.0,3.0,272.69,0.212
18,Utah,Big 12,1.1972351433409414,0.6233953664232992,14.330077522621643,11.9,8.5,20,11-2,Morgan Scalley,2.0,3.0,226.89,0.679
19,Washington,Big Ten,1.1549574744678521,0.29663269628761263,11.52121691284734,14.5,9.9,17,9-4,Jedd Fisch,7.0,4.0,262.32,0.544
20,Missouri,SEC,1.0433844223251774,0.12807441803989894,7.99842288542035,14.8,12.2,29,8-5,Eliah Drinkwitz,6.0,0.0,225.09,0.42
21,Iowa,Big Ten,1.015561653531277,0.07230117914001409,8.928905886050886,13.6,10.6,25,9-4,Kirk Ferentz,3.0,3.0,228.57,0.342
22,Penn State,Big Ten,0.9707962638605409,0.4203982916944659,5.369598064680918,15.7,13.7,18,7-6,Matt Campbell,,,194.39,0.076
23,SMU,ACC,0.9529487825398061,0.08412019873909883,8.752667328387524,10.9,11.1,22,9-4,Rhett Lashlee,,,225.82,0.569
24,Clemson,ACC,0.9324837783623655,0.2879559019031175,6.190155632940575,12.8,13.4,27,7-6,Dabo Swinney,4.0,3.0,243.28,0.414
25,Vanderbilt,SEC,0.9271029597622199,0.2345624591719831,9.854712473892246,10.0,9.0,45,10-3,Clark Lea,,,225.43,0.354
26,Florida,SEC,0.8569767766037559,0.5578099368151027,3.655625872062556,14.9,13.6,26,4-8,Jon Sumrall,,,250.98,0.691
27,Arizona,Big 12,0.8356189658422323,0.21808015691890248,9.028421826708016,10.2,7.2,32,9-4,Brent Brennan,4.0,4.0,216.67,0.649
28,South Carolina,SEC,0.8093923984609934,0.31470543242293153,5.139266438650999,12.1,11.7,28,4-8,Shane Beamer,,,256.43,0.69
29,Florida State,ACC,0.7934446499921245,0.08283973704835541,7.73473222411284,8.8,9.3,48,5-7,Mike Norvell,2.0,4.0,251.54,0.401
30,Louisville,ACC,0.7629381380036921,0.15403651973499619,6.0025149262600515,11.0,9.5,23,9-4,Jeff Brohm,3.0,9.0,211.65,0.348
31,Auburn,SEC,0.7480761256601948,0.3921237081405057,4.242905720535322,11.2,12.0,34,5-7,Alex Golesh,1.0,1.0,225.99,0.144
32,Houston,Big 12,0.6817624467801696,0.07365563471466803,7.1285676601992645,8.2,7.1,19,10-3,Willie Fritz,0.0,6.0,218.85,0.812
33,Pitt,ACC,0.5640211455457823,0.03169954751369656,5.989617662143438,6.5,6.6,40,8-5,Pat Narduzzi,5.0,5.0,214.09,0.397
34,Kansas State,Big 12,0.5604409919316391,0.2271922612918606,4.899155249499337,10.4,5.1,31,6-6,Collin Klein,,,207.83,0.714
35,Illinois,Big Ten,0.5575467243152011,0.1796589634658641,4.7029185130327695,9.3,6.3,33,9-4,Bret Bielema,3.0,4.0,230.18,0.211
36,Virginia,ACC,0.5252068999859372,0.17486329686745727,4.489465233891758,6.6,7.9,39,11-3,Tony Elliott,3.0,5.0,171.82,0.095
37,Nebraska,Big Ten,0.5209316115815271,0.313233355600667,3.3878246883654204,7.7,8.8,38,7-6,Matt Rhule,6.0,6.0,182.28,0.463
38,TCU,Big 12,0.5017811910231279,0.25809808242946736,3.68947074123801,9.1,6.4,37,9-4,Sonny Dykes,,5.0,212.6,0.224
39,Boise State,Pac-12,0.46523141015830305,0.10205121661537268,5.420690757970769,6.8,4.0,24,9-5,Spencer Danielson,7.0,4.0,205.71,0.663
40,Georgia Tech,ACC,0.3818375361890129,0.10231551084614524,4.11523489816142,6.0,4.2,41,9-4,Brent Key,,,216.7,0.126
41,San Diego State,Pac-12,0.36487533989061655,0.5855736316245328,8.813680659862264,-1.3,1.4,67,9-4,Sean Lewis,7.0,3.0,184.15,0.987
42,Northwestern,Big Ten,0.3569664241251467,0.22130589914196555,5.860770087051492,4.6,1.4,57,7-6,David Braun,4.0,5.0,204.95,0.885
43,NC State,ACC,0.3490851784994009,0.05017323733885256,4.296186687045768,4.9,3.7,46,8-5,Dave Doeren,3.0,2.0,210.28,0.599
44,Baylor,Big 12,0.29623647056180186,0.3233009395167084,1.9382403118585159,4.5,6.5,62,5-7,Dave Aranda,1.0,4.0,200.6,0.602
45,Arizona State,Big 12,0.27175330929313474,0.3487701355082384,1.5140953089464058,6.4,4.8,35,8-5,Kenny Dillingham,,,217.26,0.155
46,Duke,ACC,0.27094595346885253,0.2170677164981799,2.5511042086101163,5.7,3.5,54,9-5,Manny Diaz,,,189.26,0.171
47,Wake Forest,ACC,0.2627971247109567,0.0713459779314472,3.450444752131104,3.6,3.4,53,9-4,Jake Dickert,2.0,8.0,217.86,0.142
48,Cincinnati,Big 12,0.23796753436552034,0.2492479193950214,2.0003174356095457,4.5,4.4,63,7-6,Scott Satterfield,3.0,1.0,199.89,0.083
49,Mississippi State,SEC,0.22958104749608102,0.20218849783871248,2.2931149844231835,3.9,4.1,44,5-8,Jeff Lebby,,,230.56,0.339
50,Minnesota,Big Ten,0.22743465237780558,0.18965929011076427,3.5723169190290824,5.2,0.6,42,8-5,P.J. Fleck,6.0,5.0,226.67,0.649
51,Virginia Tech,ACC,0.21336773621224825,0.8419423262911234,-2.4533077037371678,9.4,7.4,30,3-9,James Franklin,,,226.24,0.367
52,James Madison,Sun Belt East,0.19252379059022848,0.5915674114269922,7.821091253079628,-2.1,-2.0,82,12-2,Billy Napier,1.0,2.0,185.6,0.08
53,Arkansas,SEC,0.17358715063345276,0.3936195316426644,0.5469104615306896,5.0,4.4,51,2-10,Ryan Silverfield,,,212.68,0.145
54,South Florida,American,0.171217754251622,0.5182506404002168,7.142434836794083,-2.8,-0.9,76,9-4,Brian Hartline,2.0,1.0,180.12,0.126
55,UNLV,MWC,0.1590325379320645,0.0888950021594609,2.7567019320227297,2.8,1.8,59,10-4,Dan Mullen,,,196.45,0.154
56,Kansas,Big 12,0.12499923060414232,0.27293982508572306,1.1327632314364242,3.7,2.8,52,5-7,Lance Leipold,2.0,4.0,196.96,0.181
57,North Carolina,ACC,0.0969562396996944,0.4887110273356879,-0.6068248489633196,3.8,4.9,56,4-8,Bill Belichick,2.0,3.0,247.7,0.278
58,East Carolina,American,0.09509614090562407,0.31058131075743933,5.158673622819471,-2.0,-0.6,75,9-4,Blake Harrell,1.0,2.0,178.99,0.136
59,Kentucky,SEC,0.0941254186429515,0.5341236511743274,-0.9370658095155704,3.8,5.4,49,5-7,Will Stein,1.0,3.0,197.21,0.193
60,Maryland,Big Ten,0.09022681867751138,0.2324197240750448,1.4249836323099512,3.8,1.0,58,4-8,Mike Locksley,6.0,8.0,215.87,0.54
61,Cal,ACC,0.08038069098203617,0.23523837501096873,1.3419144296893035,3.7,0.9,47,7-6,Tosh Lupol,,,202.81,0.583
62,Iowa State,Big 12,0.06291428052392006,0.12467579023692109,3.291456110479542,1.0,-0.9,70,8-4,Jimmy Rogers,,,203.31,0.017
63,UCF,Big 12,0.0412325065908656,0.2712682245928571,0.6035791308856777,2.3,2.1,65,5-7,Scott Frost,,,194.3,0.248
64,Memphis,American,0.0015545269746341055,0.19666963714718058,3.6841191068347987,-1.1,-1.9,66,8-5,Charles Huff,1.0,0.0,189.2,0.056
65,Toledo,MAC,-0.005975008256208818,0.9798159301453565,9.0926963447686,-11.5,-3.0,99,8-5,Mike Jacobs,1.0,0.0,162.52,0.663
66,Rutgers,Big Ten,-0.017950655683885885,0.19094692023279713,0.9966927387949749,1.8,-0.2,69,5-7,Greg Schiano,,,220.7,0.444
67,UTSA,American,-0.02224138075309669,0.47299056420095936,5.306918617466081,-1.5,-5.3,73,7-6,Jeff Traylor,,,185.81,0.669
68,New Mexico,MWC,-0.02504598455252551,0.2712267004604252,3.7823635634628907,-0.5,-3.5,61,9-4,Jason Eck,7.0,5.0,182.61,0.582
69,Fresno State,Pac-12,-0.03561827917571314,0.25039656588034975,3.8844651672661716,-2.3,-2.5,68,9-4,Matt Entz,6.0,6.0,189.36,0.383
70,Tulane,American,-0.05439504617686783,0.2961825356959208,2.39333874368244,-5.5,2.3,79,11-3,Will Hall,2.0,4.0,195.14,0.21
71,Texas State,Pac-12,-0.06626759797246802,0.5664938281536572,6.012709168309989,-5.9,-4.3,93,7-6,GJ Kinne,,,188.31,0.76
72,Western Michigan,MAC,-0.06833136418185115,0.6296481545618716,6.425398096141551,-7.2,-4.0,87,10-4,,7.0,3.0,171.38,0.997
73,WKU,CUSA,-0.07376477096328342,0.5607836884928185,5.918156180798128,-5.3,-4.9,89,9-4,Tyson Helton,,,185.21,0.837
74,Navy,American,-0.08237706359123431,0.21354318319355675,0.3894115997819845,1.1,-0.7,60,11-2,Brian Newberry,4.0,5.0,99.4,0.138
75,Hawai'i,MWC,-0.08487023192773775,0.2596805724635464,3.659275273615263,-3.9,-2.4,77,9-4,Timmy Chang,4.0,3.0,161.47,0.645
76,Wisconsin,Big Ten,-0.09960470948595103,0.6990762644091374,-3.3131484146942314,1.8,4.8,55,4-8,Luke Fickell,3.0,3.0,186.75,0.31
77,Old Dominion,Sun Belt East,-0.11893661011546143,0.47619304423042474,5.025897926470053,-5.8,-4.4,94,10-3,Ricky Rahne,1.0,5.0,178.55,0.092
78,Washington State,Pac-12,-0.14757414155684298,0.37100753905867095,4.08142287515223,-5.3,-4.1,88,7-6,Kirby Moore,,,159.25,0.913
79,Michigan State,Big Ten,-0.17907830018846174,0.39179026773166203,-1.6577202977195018,0.4,0.3,72,4-8,Pat Fitzgerald,,,213.73,0.209
80,Colorado,Big 12,-0.20402100713337193,0.8003697963068247,-4.69131191825112,0.9,4.5,64,3-9,Deion Sanders,4.0,0.0,193.36,0.137
81,UCLA,Big Ten,-0.2113874979003284,0.7925245223705158,-4.611926663200056,5.1,0.5,43,3-9,Bob Chesney,3.0,3.0,196.57,0.57
82,West Virginia,Big 12,-0.2561792111470939,0.5447928649706903,-3.2484792562347007,0.8,0.2,50,4-8,Rich Rodriguez,3.0,0.0,229.51,0.14
83,North Texas,American,-0.2782828323671825,0.7588052656436537,5.974852396292773,-11.8,-6.4,109,12-2,Neal Brown,0.0,0.0,128.04,0.025
84,Army,American,-0.35079170253508796,0.15223867096829324,-0.01888925672142472,-3.0,-5.6,74,7-6,Jeff Monken,8.0,3.0,39.85,0.802
85,Oklahoma State,Big 12,-0.35351882554002484,1.3671778965639947,-9.796395129084512,7.1,3.3,36,1-11,Eric Morris,0.0,1.0,190.27,0.0
86,Marshall,Sun Belt East,-0.36478047457714463,0.45507740975923583,3.103939293189545,-6.4,-8.8,95,5-7,Tony Gibson,,,162.09,0.988
87,Utah State,Pac-12,-0.3652532139921747,0.34958083540138357,2.5502624660287756,-7.7,-6.7,92,6-7,Bronco Mendenhall,4.0,5.0,177.56,0.652
88,Louisiana Tech,Sun Belt West,-0.3671710740970142,0.6188216102474997,4.40448146398983,-8.3,-9.6,104,8-5,Sonny Cumbie,,,177.0,0.639
89,Air Force,MWC,-0.397897719276558,0.2314087581777172,-0.5293143823647743,-2.4,-6.8,80,4-8,Troy Calhoun,3.0,5.0,116.49,0.574
90,Miami (Ohio),MAC,-0.3985309669306683,0.21660568131897756,-0.19297164542589496,-2.9,-7.0,86,7-7,Chuck Martin,,,175.9,0.139
91,North Dakota State,MWC,-0.3992454423350977,0.4672260591416108,,-1.4,-8.3,78,12-1,Tim Polasek,3.0,5.0,,
92,Boston College,ACC,-0.4096436680220455,0.44526130857158414,-3.448401437549622,-1.5,-2.7,83,2-10,Bill O'Brien,1.0,3.0,204.06,0.156
93,Purdue,Big Ten,-0.4096786036436253,0.48631147812097886,-3.7802238657609686,-2.9,-0.9,85,2-10,Barry Odom,2.0,4.0,203.29,0.475
94,Syracuse,ACC,-0.42661336684057916,0.6648821294977328,-5.20078365292635,-0.7,-0.8,71,3-9,Fran Brown,,,224.78,0.35
95,Jacksonville State,CUSA,-0.45150841406478204,0.3514959381602532,1.917752770353311,-7.7,-8.5,106,9-5,Charles Kelly,3.0,5.0,183.36,0.495
96,Troy,Sun Belt West,-0.4722999216034142,0.1577752268751505,0.10838549875658532,-6.0,-7.4,81,8-6,Gerad Parker,4.0,1.0,187.25,0.353
97,Stanford,ACC,-0.4767919456180052,0.49103928815749187,-4.194282075663193,-1.9,-3.3,84,4-8,Tavita Pritchard,5.0,5.0,218.95,0.213
98,Ohio,MAC,-0.4892678031943995,0.6351417785786908,3.7314402757127927,-13.6,-8.0,111,9-4,John Hauser,1.0,5.0,175.4,0.625
99,Louisiana,Sun Belt West,-0.5190899772193464,0.2984498121611106,1.1960179282845305,-9.1,-8.3,114,6-7,Michael Desormeaux,8.0,2.0,179.8,0.919
100,Liberty,CUSA,-0.5354366350232279,0.12385674411327051,-0.7278057960712536,-6.4,-7.7,91,4-8,Jamey Chadwell,4.0,3.0,172.64,0.383
101,Delaware,CUSA,-0.5817137797299149,0.3619944043635085,0.9255120025010021,-13.0,-6.6,107,7-6,Ryan Carty,7.0,5.0,167.01,0.849
102,Temple,American,-0.5911198500196461,0.18100596482334333,-0.1882624597818809,-8.7,-8.6,90,5-7,K.C. Keeler,,,192.17,0.37
103,UConn,Independent,-0.5918939335846299,0.5351101796625235,2.4243265497282906,-11.2,-11.2,103,9-4,Jason Candle,,,172.49,0.023
104,Arkansas State,Sun Belt West,-0.6635169582319785,0.12655879394124686,-1.3183737230793802,-8.5,-9.2,100,7-6,Butch Jones,,,183.85,0.3
105,Kennesaw State,CUSA,-0.681469377690533,0.10254913489034516,-1.3879734819931766,-9.3,-9.0,105,10-4,Jerry Mack,,,163.41,0.061
106,Southern Miss,Sun Belt West,-0.6817599437198262,0.9453564784022613,3.100141037009943,-23.3,-5.1,123,7-6,Blake Anderson,,,175.33,0.902
107,Tulsa,American,-0.6904332165040086,0.13512712670831412,-2.3650577324765107,-7.6,-9.0,108,4-8,Tre Lamb,,,179.39,0.413
108,Florida Atlantic,American,-0.7196564775922506,0.2514178086695713,-1.881332233757043,-7.1,-11.3,96,4-8,Zach Kittley,,,157.5,0.684
109,Oregon State,Pac-12,-0.728508391665172,0.29834040641500736,-4.200041801054243,-6.3,-8.1,101,2-10,JaMarcus Shephard «,,,176.78,0.579
110,South Alabama,Sun Belt West,-0.7381233584384007,0.35919504282661346,0.2731773583962689,-13.3,-10.5,115,4-8,Major Applewhite «,2.0,3.0,187.23,0.786
111,Georgia Southern,Sun Belt East,-0.7709349126657431,0.13909735826207184,-3.433662198839431,-8.9,-8.7,102,7-6,Clay Helton,1.0,4.0,181.78,0.058
112,Central Michigan,MAC,-0.7821548354953758,0.4143048769357926,0.287179722577356,-12.4,-12.8,98,7-6,Matt Drinkall,4.0,3.0,178.86,0.54
113,Appalachian State,Sun Belt East,-0.8093796751847805,0.10361645444772481,-2.030199362652598,-12.1,-9.8,117,5-8,Dowell Loggains,2.0,2.0,198.58,0.379
114,Buffalo,MAC,-0.8259505024836451,0.14458194193306376,-1.884611307519506,-11.9,-10.8,118,5-7,Pete Lembo,,,176.6,-0.008
115,FIU,CUSA,-0.8919968637964649,0.28350596831071667,-1.2801580995143946,-13.7,-12.6,112,7-6,Willie Simmons,,,176.58,0.316
116,Wyoming,MWC,-0.9065670661904658,0.23306519974292117,-3.2267645640792595,-9.6,-13.1,110,4-8,Jay Sawvel,,,169.68,0.23
117,Colorado State,Pac-12,-0.9619030784695101,0.32747034364740035,-5.277005558628424,-8.3,-12.4,97,2-10,Jim L. Mora,1.0,4.0,188.82,0.396
118,Nevada,MWC,-1.0111588075644855,0.11365614354542242,-4.630781825603094,-12.2,-11.9,113,3-9,Jeff Choate,3.0,2.0,177.11,0.355
119,Missouri State,CUSA,-1.0297405359417195,0.30267256840893253,-2.778737505172714,-18.7,-10.3,128,7-6,Casey Woods,2.0,4.0,151.56,0.313
120,Eastern Michigan,MAC,-1.0344592193772304,0.43240714201427116,-1.3046349231671448,-15.0,-16.3,124,4-8,Chris Creighton,,,175.41,0.721
121,Bowling Green,MAC,-1.0534432366292281,0.13124961295501117,-3.9102113631516673,-13.3,-13.7,122,4-8,Eddie George,1.0,2.0,188.03,-0.062
122,Akron,MAC,-1.1378881773810654,0.5593869737139034,-0.7874423824138717,-19.5,-16.9,125,5-7,Joe Moorhead,4.0,2.0,147.36,0.918
123,Coastal Carolina,Sun Belt East,-1.1582149510882849,0.21657716422431944,-6.53692654958985,-13.8,-12.1,119,6-7,Ryan Beard,,,165.03,0.154
124,Northern Illinois,MWC,-1.1665791371567427,0.2433538368903067,-3.275549833645705,-18.2,-14.5,134,3-9,Rob Harley,,,184.9,0.437
125,Rice,American,-1.197073507010188,0.13474127603776284,-6.123475569680961,-14.7,-13.4,120,5-8,Scott Abell,,,176.01,0.394
126,UAB,American,-1.2593729550492936,0.15117404081243818,-4.521908417862885,-18.1,-15.5,121,4-8,Alex Mortensen,2.0,0.0,135.31,0.796
127,New Mexico State,CUSA,-1.2607382891358239,0.10359540808351465,-5.244783114501928,-16.4,-15.7,129,4-8,Tony Sanchez,3.0,5.0,129.05,0.244
128,Sacramento State,MAC,-1.2954987564206624,0.539107270198012,,-22.7,-10.4,136,7-5,Alonzo Carter,,,,
129,San Jose State,MWC,-1.305297342622806,0.20047794058942514,-7.288924527145536,-15.5,-14.3,116,3-9,Ken Niumatalolo,2.0,0.0,158.65,0.038
130,Kent State,MAC,-1.4111515387617182,0.2062390944287334,-5.109327648262111,-20.1,-17.9,126,5-7,Mark Carney,6.0,3.0,162.2,0.641
131,UTEP,MWC,-1.4156399860579707,0.1229445797969021,-5.723651300211822,-20.5,-16.6,130,2-10,Scotty Walden,0.0,4.0,179.56,-0.011
132,Middle Tennessee,CUSA,-1.4913298164067397,0.40197506990780063,-4.816348115418041,-26.0,-16.1,133,3-9,Derek Mason,,,164.9,0.325
133,Georgia State,Sun Belt East,-1.6157373554913883,0.26272365642490564,-8.091639986917778,-25.1,-15.2,132,1-11,Dell McGee,3.0,2.0,184.01,0.465
134,ULM,Sun Belt West,-1.7029208562280678,0.09171402644981229,-7.848629810771858,-24.3,-19.3,131,3-9,Bryant Vincent,,2.0,160.28,0.387
135,Ball State,MAC,-1.7219937142570416,0.17923824592933368,-8.888283288857973,-25.2,-17.3,135,4-8,Mike Uremovich,5.0,1.0,170.02,0.057
136,Sam Houston,CUSA,-1.8023511906641148,0.16865273160036187,-9.27421258611902,-26.3,-18.4,137,2-10,Phil Longo,2.0,1.0,161.18,0.577
137,Charlotte,American,-1.9022356034010635,0.5709311982948126,-10.365470654735075,-32.4,-14.6,127,1-11,Tim Albin «,,,176.53,0.409
138,UMass,MAC,-2.4286502634946143,0.8500036199957218,-18.694570723340398,-30.9,-18.8,138,0-12,Joe Harasymiak,,,166.97,-0.567
