team,games_played,in_season_margin_2026,totals_games,in_season_off_2026,in_season_def_2026
Georgia,4,38.27,4,49.9,10.6
Alabama,5,33.75,5,53.2,18.7
Miami (Fla.),4,33.52,4,46.1,12.73
LSU,4,33.11,4,43.93,10.15
Texas,4,30.07,4,34.23,3.78
Ohio State,5,29.67,5,43.08,12.78
Northwestern,3,27.24,3,39.84,9.58
UCLA,4,26.68,4,45.85,18.88
Indiana,4,26.17,4,38.85,13.25
Notre Dame,5,25.72,5,42.36,14.96
Nebraska,4,23.43,4,46.4,21.45
Utah,3,22.07,3,34.31,7.78
Tennessee,4,20.9,4,36.85,13.4
Florida,4,19.94,4,48.68,28.23
Boise State,4,18.29,4,34.85,17.5
Wisconsin,4,18.26,4,33.7,14.6
New Mexico,4,16.77,4,34.83,17.0
Baylor,4,16.59,4,35.13,16.38
James Madison,4,16.23,4,31.13,17.1
Mississippi State,5,15.79,5,44.12,27.08
BYU,3,15.11,3,31.61,15.14
Duke,3,14.8,3,28.84,12.54
Missouri,4,14.61,4,35.1,18.95
Wake Forest,5,14.49,5,39.44,23.78
Pitt,4,14.28,4,36.55,17.68
USC,6,13.24,6,38.63,23.19
Arizona,4,12.86,4,32.83,20.53
Texas A&M,5,12.76,5,34.16,16.98
Oregon,3,12.41,3,39.28,24.14
Texas Tech,4,11.94,4,32.88,20.28
Iowa,4,11.87,4,28.88,13.9
Florida State,4,11.85,4,37.53,24.3
Penn State,5,11.71,5,30.88,18.78
Kentucky,4,11.43,4,37.4,25.63
Oklahoma,4,11.39,4,25.53,13.93
North Carolina,3,11.17,3,28.68,17.01
Oregon State,4,11.0,4,34.63,25.33
North Dakota State,4,10.67,4,28.03,17.63
Virginia Tech,4,10.32,4,34.63,24.2
Oklahoma State,3,10.28,3,32.88,21.84
Iowa State,4,10.27,4,35.6,23.58
Auburn,5,10.19,5,26.88,16.9
Louisville,4,9.62,4,38.08,28.48
Houston,4,9.6,4,34.33,22.38
Memphis,4,9.41,4,31.73,24.63
Michigan,5,8.9,5,26.78,17.3
Kansas State,3,8.85,3,30.24,21.11
Minnesota,4,8.13,4,28.33,19.35
Ole Miss,4,7.08,4,39.08,30.5
Georgia State,4,6.83,4,33.35,26.98
Kansas,3,6.49,3,31.18,21.64
Liberty,4,5.99,4,24.88,21.93
Virginia,4,5.89,4,26.95,20.08
Fresno State,5,4.71,5,24.12,20.42
Washington,4,4.44,4,23.43,18.03
South Carolina,4,4.24,4,37.93,31.35
Vanderbilt,4,3.21,4,28.05,24.68
North Texas,4,3.01,4,33.33,32.45
UCF,4,3.0,4,20.95,18.73
SMU,4,2.96,4,29.78,26.33
TCU,4,2.43,4,18.78,14.18
Toledo,4,0.6,4,32.95,33.38
NC State,4,0.23,4,29.6,29.8
Cincinnati,4,0.15,4,29.4,24.8
UTSA,4,-0.24,4,26.35,28.13
Michigan State,5,-1.19,5,21.32,23.98
Utah State,4,-1.24,4,16.6,19.95
Arkansas,4,-1.36,4,22.48,24.68
UMass,3,-1.57,3,21.71,26.24
Nevada,3,-1.68,3,27.31,29.94
Clemson,5,-1.7,5,24.66,22.72
Boston College,4,-1.99,4,20.35,20.18
Illinois,4,-2.17,4,27.03,26.3
Purdue,4,-2.52,4,32.7,33.45
UNLV,5,-2.85,5,20.76,25.4
San Jose State,4,-2.95,4,20.43,26.58
Temple,4,-2.97,4,22.88,27.6
Louisiana,4,-3.0,4,19.93,25.15
Western Michigan,4,-3.93,4,18.1,22.58
Army,3,-4.03,3,19.18,26.01
West Virginia,4,-4.06,4,34.9,34.85
UConn,4,-4.68,4,29.73,35.2
Syracuse,3,-4.89,3,23.48,28.78
Georgia Southern,4,-4.93,4,22.88,28.75
South Florida,4,-5.13,4,13.38,18.18
Texas State,4,-5.63,4,27.5,36.23
Appalachian State,3,-5.92,3,22.98,32.58
Colorado,4,-5.95,4,14.73,21.4
Florida Atlantic,4,-6.15,4,27.25,32.98
FIU,3,-6.39,3,12.48,20.54
New Mexico State,4,-6.42,4,21.23,28.8
Georgia Tech,3,-7.54,3,23.54,27.44
Cal,4,-7.56,4,24.1,28.78
Tulane,4,-7.9,4,13.65,22.68
South Alabama,4,-8.61,4,32.28,42.98
Louisiana Tech,3,-9.09,3,24.71,32.61
UAB,4,-9.15,4,17.58,26.73
Arizona State,3,-9.18,3,23.54,32.84
Tulsa,4,-9.26,4,18.45,26.73
Air Force,3,-9.29,3,25.94,29.14
Washington State,4,-9.51,4,16.85,25.78
East Carolina,3,-9.84,3,20.34,32.11
Troy,3,-10.04,3,13.91,25.34
Sam Houston,3,-11.03,3,18.11,29.44
Central Michigan,4,-11.12,4,20.68,32.75
Navy,3,-11.27,3,12.34,26.74
Missouri State,3,-11.6,3,17.98,31.11
Arkansas State,4,-11.73,4,14.2,26.65
Rice,4,-11.93,4,17.3,31.85
Ohio,4,-12.58,4,19.83,34.28
San Diego State,4,-13.28,4,14.6,31.05
Maryland,4,-14.61,4,23.93,36.03
Delaware,4,-14.61,4,14.9,29.35
Jacksonville State,4,-14.68,4,17.18,32.53
Rutgers,4,-14.97,4,23.8,36.65
Colorado State,4,-14.99,4,33.23,43.0
Stanford,5,-15.36,5,20.56,34.78
Miami (Ohio),4,-16.11,4,21.03,36.7
Coastal Carolina,4,-16.72,4,14.73,30.75
Hawai'i,5,-17.01,5,14.9,29.38
Buffalo,3,-18.29,3,16.38,36.98
Wyoming,4,-18.55,4,10.63,28.45
Middle Tennessee,4,-18.89,4,11.9,32.25
Marshall,4,-19.47,4,14.9,38.43
Kennesaw State,3,-20.31,3,7.28,29.21
Eastern Michigan,5,-20.87,5,15.78,36.96
Southern Miss,3,-21.59,3,16.54,40.38
Kent State,4,-23.11,4,13.4,37.18
Bowling Green,4,-23.53,4,12.95,37.15
Northern Illinois,3,-24.55,3,10.01,38.41
Old Dominion,4,-24.67,4,14.28,39.35
Akron,4,-26.26,4,14.13,40.65
Ball State,4,-27.39,4,13.95,44.0
WKU,4,-28.35,4,15.38,45.93
Charlotte,4,-29.02,4,8.13,38.25
ULM,4,-31.37,4,13.7,46.85
UTEP,4,-33.49,4,12.98,47.28
Sacramento State,4,-38.35,4,4.78,43.33
