snapshot_time_utc,year,week,game_id,start_date,home_team,away_team,provider,spread,spread_open,over_under,over_under_open,home_moneyline,away_moneyline
2026-08-12T05:15:50+00:00,2026,1,401856766,2026-08-29T16:00:00.000Z,TCU,North Carolina,Bovada,-7.5,-7.5,47.5,50.5,-235,195
2026-08-12T05:15:50+00:00,2026,1,401856766,2026-08-29T16:00:00.000Z,TCU,North Carolina,DraftKings,-6.5,,49.5,,-250,205
2026-08-12T05:15:50+00:00,2026,1,401856772,2026-09-05T19:45:00.000Z,Tulsa,Oklahoma State,DraftKings,11.5,11.5,,,,
2026-08-12T05:15:50+00:00,2026,1,401856772,2026-09-05T19:45:00.000Z,Tulsa,Oklahoma State,Bovada,13.5,11.5,61,61.5,390,-550
2026-08-12T05:15:50+00:00,2026,1,401856777,2026-09-05T19:30:00.000Z,Cincinnati,Boston College,DraftKings,-9.5,-9.5,,,,
2026-08-12T05:15:50+00:00,2026,1,401856777,2026-09-05T19:30:00.000Z,Cincinnati,Boston College,Bovada,-7.5,-9.5,54.5,54.5,-270,220
2026-08-12T05:15:50+00:00,2026,1,401856778,2026-09-05T16:00:00.000Z,Houston,Oregon State,Bovada,-20,-18.5,51,51.5,-1300,725
2026-08-12T05:15:50+00:00,2026,1,401856778,2026-09-05T16:00:00.000Z,Houston,Oregon State,DraftKings,-18.5,-18.5,,,,
2026-08-12T05:15:50+00:00,2026,1,401858209,2026-09-05T19:30:00.000Z,Duke,Tulane,DraftKings,-8.5,-8.5,,,,
2026-08-12T05:15:50+00:00,2026,1,401858209,2026-09-05T19:30:00.000Z,Duke,Tulane,Bovada,-9.5,-8.5,52,53.5,-480,350
2026-08-12T05:15:50+00:00,2026,1,401858210,2026-09-06T02:30:00.000Z,California,UCLA,Bovada,1.5,-3.5,54.5,53.5,-115,-105
2026-08-12T05:15:50+00:00,2026,1,401858210,2026-09-06T02:30:00.000Z,California,UCLA,DraftKings,-1.5,-1.5,53.5,,,
2026-08-12T05:15:50+00:00,2026,1,401858424,2026-09-04T01:00:00.000Z,Illinois,UAB,Bovada,-27.5,-27.5,57,56.5,-100000,2000
2026-08-12T05:15:50+00:00,2026,1,401858424,2026-09-04T01:00:00.000Z,Illinois,UAB,DraftKings,-27.5,-27.5,,,,
2026-08-12T05:15:50+00:00,2026,1,401858425,2026-09-05T16:00:00.000Z,Indiana,North Texas,DraftKings,-40.5,-40.5,,,,
2026-08-12T05:15:50+00:00,2026,1,401858425,2026-09-05T16:00:00.000Z,Indiana,North Texas,Bovada,-41,-40.5,55.5,55.5,,
2026-08-12T05:15:50+00:00,2026,1,401858426,2026-09-05T20:15:00.000Z,Iowa,Northern Illinois,Bovada,-31,-29.5,45.5,43.5,-100000,2500
2026-08-12T05:15:50+00:00,2026,1,401858426,2026-09-05T20:15:00.000Z,Iowa,Northern Illinois,DraftKings,-29.5,-29.5,,,,
2026-08-12T05:15:50+00:00,2026,1,401858428,2026-09-05T23:30:00.000Z,Michigan,Western Michigan,DraftKings,-26.5,-26.5,,,,
2026-08-12T05:15:50+00:00,2026,1,401858428,2026-09-05T23:30:00.000Z,Michigan,Western Michigan,Bovada,-26.5,-26.5,47.5,47.5,-100000,2200
2026-08-12T05:15:50+00:00,2026,1,401858429,2026-09-05T00:00:00.000Z,Michigan State,Toledo,DraftKings,-10.5,-10.5,,,,
2026-08-12T05:15:50+00:00,2026,1,401858429,2026-09-05T00:00:00.000Z,Michigan State,Toledo,Bovada,-10.5,-10.5,49.5,49.5,-410,305
2026-08-12T05:15:50+00:00,2026,1,401858430,2026-09-05T16:00:00.000Z,Nebraska,Ohio,DraftKings,-23.5,-23.5,,,,
2026-08-12T05:15:50+00:00,2026,1,401858430,2026-09-05T16:00:00.000Z,Nebraska,Ohio,Bovada,-24,-23.5,47.5,47.5,-4000,1200
2026-08-12T05:15:50+00:00,2026,1,401858432,2026-09-05T16:30:00.000Z,Ohio State,Ball State,DraftKings,-49.5,-49.5,,,,
2026-08-12T05:15:50+00:00,2026,1,401858432,2026-09-05T16:30:00.000Z,Ohio State,Ball State,Bovada,-51,-50.5,56.5,56.5,,
2026-08-12T05:15:50+00:00,2026,1,401858433,2026-09-05T19:30:00.000Z,Oregon,Boise State,DraftKings,-24.5,-24.5,,,,
2026-08-12T05:15:50+00:00,2026,1,401858433,2026-09-05T19:30:00.000Z,Oregon,Boise State,Bovada,-24.5,-24.5,52,53.5,-10000,1600
2026-08-12T05:15:50+00:00,2026,1,401858434,2026-09-05T19:30:00.000Z,Penn State,Marshall,Bovada,-24.5,-23.5,54.5,54.5,-3300,1100
2026-08-12T05:15:50+00:00,2026,1,401858434,2026-09-05T19:30:00.000Z,Penn State,Marshall,DraftKings,-23.5,-23.5,,,,
2026-08-12T05:15:50+00:00,2026,1,401862699,2026-09-05T23:00:00.000Z,South Florida,Florida International,Bovada,-12.5,-12.5,55,54.5,-460,340
2026-08-12T05:15:50+00:00,2026,1,401862699,2026-09-05T23:00:00.000Z,South Florida,Florida International,DraftKings,-12.5,-12.5,,,,
2026-08-12T05:15:50+00:00,2026,1,401858201,2026-08-29T23:00:00.000Z,Stanford,Hawai'i,DraftKings,-3,-3,,,,
2026-08-12T05:15:50+00:00,2026,1,401858201,2026-08-29T23:00:00.000Z,Stanford,Hawai'i,Bovada,-5.5,-3,49.5,50.5,-170,145
2026-08-12T05:15:50+00:00,2026,1,401862693,2026-08-30T02:00:00.000Z,UNLV,Memphis,DraftKings,-3,-3,,,,
2026-08-12T05:15:50+00:00,2026,1,401862693,2026-08-30T02:00:00.000Z,UNLV,Memphis,Bovada,-5.5,-3,57.5,60.5,-170,145
2026-08-12T05:15:50+00:00,2026,1,401864494,2026-08-29T19:00:00.000Z,USC,San José State,Bovada,-38,-35.5,59.5,57.5,-100000,3500
2026-08-12T05:15:50+00:00,2026,1,401864494,2026-08-29T19:00:00.000Z,USC,San José State,DraftKings,-35.5,-35.5,,,,
2026-08-12T05:15:50+00:00,2026,1,401864570,2026-08-29T23:00:00.000Z,Florida State,New Mexico State,Bovada,-31,-29.5,53,53.5,-100000,2800
2026-08-12T05:15:50+00:00,2026,1,401864570,2026-08-29T23:00:00.000Z,Florida State,New Mexico State,DraftKings,-29.5,-28.5,,,,
2026-08-12T05:15:50+00:00,2026,1,401864577,2026-08-29T21:30:00.000Z,North Dakota State,Jacksonville State,Bovada,-7,-10,47.5,48.5,-330,265
2026-08-12T05:15:50+00:00,2026,1,401864577,2026-08-29T21:30:00.000Z,North Dakota State,Jacksonville State,DraftKings,-10,-10,,,,
2026-08-12T05:15:50+00:00,2026,1,401866408,2026-08-29T22:30:00.000Z,Eastern Michigan,Sacramento State,DraftKings,-8.5,-8.5,,,,
2026-08-12T05:15:50+00:00,2026,1,401866408,2026-08-29T22:30:00.000Z,Eastern Michigan,Sacramento State,Bovada,-8.5,-8.5,52.5,52.5,-330,265
2026-08-12T05:15:50+00:00,2026,1,401858204,2026-09-03T23:00:00.000Z,Wake Forest,Akron,DraftKings,-22.5,-22.5,,,,
2026-08-12T05:15:50+00:00,2026,1,401858204,2026-09-03T23:00:00.000Z,Wake Forest,Akron,Bovada,-22.5,-22.5,49.5,49.5,-3500,1100
2026-08-12T05:15:50+00:00,2026,1,401858423,2026-09-03T22:00:00.000Z,Rutgers,Massachusetts,Bovada,-30.5,-30.5,54.5,54.5,,
2026-08-12T05:15:50+00:00,2026,1,401858423,2026-09-03T22:00:00.000Z,Rutgers,Massachusetts,DraftKings,-30.5,-30.5,,,,
2026-08-12T05:15:50+00:00,2026,1,401858202,2026-08-29T19:30:00.000Z,Virginia,NC State,Bovada,-5.5,-3.5,53,54.5,-145,125
2026-08-12T05:15:50+00:00,2026,1,401858202,2026-08-29T19:30:00.000Z,Virginia,NC State,DraftKings,-3,,53.5,,-135,114
2026-08-12T05:15:50+00:00,2026,1,401858438,2026-09-06T23:30:00.000Z,Notre Dame,Wisconsin,Bovada,-20.5,-16.5,47.5,46.5,-2500,1000
2026-08-12T05:15:50+00:00,2026,1,401858438,2026-09-06T23:30:00.000Z,Notre Dame,Wisconsin,DraftKings,-20.5,,47.5,47.5,-1800,1000
2026-08-12T05:15:50+00:00,2026,1,401856661,2026-09-06T23:30:00.000Z,Ole Miss,Louisville,Bovada,-6.5,-8.5,55.5,52.5,-270,220
2026-08-12T05:15:50+00:00,2026,1,401856661,2026-09-06T23:30:00.000Z,Ole Miss,Louisville,DraftKings,-6.5,,55.5,,-278,225
2026-08-12T05:15:50+00:00,2026,1,401858212,2026-09-07T23:30:00.000Z,Florida State,SMU,DraftKings,2.5,,52.5,,120,-142
2026-08-12T05:15:50+00:00,2026,1,401858212,2026-09-07T23:30:00.000Z,Florida State,SMU,Bovada,2.5,2.5,53.5,52.5,120,-140
2026-08-12T05:15:50+00:00,2026,1,401856776,2026-09-04T00:00:00.000Z,Georgia Tech,Colorado,DraftKings,-7,-7,,,,
2026-08-12T05:15:50+00:00,2026,1,401856776,2026-09-04T00:00:00.000Z,Georgia Tech,Colorado,Bovada,-7,-7,51,51.5,-290,240
2026-08-12T05:15:50+00:00,2026,1,401858436,2026-09-05T01:00:00.000Z,USC,Fresno State,DraftKings,-23.5,-23.5,,,,
2026-08-12T05:15:50+00:00,2026,1,401858436,2026-09-05T01:00:00.000Z,USC,Fresno State,Bovada,-22.5,-23,51.5,51.5,-3500,-100000
2026-08-12T05:15:50+00:00,2026,1,401864495,2026-09-04T22:30:00.000Z,Eastern Michigan,San José State,DraftKings,-3.5,-3.5,,,,
2026-08-12T05:15:50+00:00,2026,1,401864495,2026-09-04T22:30:00.000Z,Eastern Michigan,San José State,Bovada,-4.5,-3.5,53.5,53.5,-160,135
2026-08-12T05:15:50+00:00,2026,1,401858206,2026-09-05T01:00:00.000Z,Stanford,Miami,DraftKings,21.5,21.5,,,,
2026-08-12T05:15:50+00:00,2026,1,401858206,2026-09-05T01:00:00.000Z,Stanford,Miami,Bovada,23.5,21.5,49.5,48.5,-100000,-2500
2026-08-12T05:15:50+00:00,2026,1,401856636,2026-09-05T19:30:00.000Z,Auburn,Baylor,DraftKings,-6.5,-6.5,59.5,,-285,230
2026-08-12T05:15:50+00:00,2026,1,401856636,2026-09-05T19:30:00.000Z,Auburn,Baylor,Bovada,-7,-7.5,59,58.5,-270,220
2026-08-12T05:15:50+00:00,2026,1,401856664,2026-09-05T00:00:00.000Z,Oklahoma,UTEP,Bovada,-40.5,-40.5,50.5,50.5,,
2026-08-12T05:15:50+00:00,2026,1,401856664,2026-09-05T00:00:00.000Z,Oklahoma,UTEP,DraftKings,-40.5,-40.5,,,,
2026-08-12T05:15:50+00:00,2026,1,401856634,2026-09-05T16:00:00.000Z,Alabama,East Carolina,DraftKings,-25.5,-25.5,,,,
2026-08-12T05:15:50+00:00,2026,1,401856634,2026-09-05T16:00:00.000Z,Alabama,East Carolina,Bovada,-28.5,-25.5,54,53.5,-10000,1600
2026-08-12T05:15:50+00:00,2026,1,401856780,2026-09-05T16:00:00.000Z,West Virginia,Coastal Carolina,Bovada,-21.5,-17.5,58,57.5,-1725,-100000
2026-08-12T05:15:50+00:00,2026,1,401856780,2026-09-05T16:00:00.000Z,West Virginia,Coastal Carolina,DraftKings,-17.5,-17.5,,,,
2026-08-12T05:15:50+00:00,2026,1,401858207,2026-09-05T16:00:00.000Z,Pittsburgh,Miami (OH),Bovada,-16.5,-16.5,50.5,50.5,-800,525
2026-08-12T05:15:50+00:00,2026,1,401858207,2026-09-05T16:00:00.000Z,Pittsburgh,Miami (OH),DraftKings,-16.5,-16.5,,,,
2026-08-12T05:15:50+00:00,2026,1,401869960,2026-09-05T16:00:00.000Z,James Madison,Liberty,DraftKings,-6,-6,,,,
2026-08-12T05:15:50+00:00,2026,1,401869960,2026-09-05T16:00:00.000Z,James Madison,Liberty,Bovada,-6.5,-6,51.5,50.5,-250,210
2026-08-12T05:15:50+00:00,2026,1,401856665,2026-09-05T16:45:00.000Z,South Carolina,Kent State,Bovada,-36.5,-34.5,53,52.5,-100000,-100000
2026-08-12T05:15:50+00:00,2026,1,401856665,2026-09-05T16:45:00.000Z,South Carolina,Kent State,DraftKings,-34.5,-33.5,,,,
2026-08-12T05:15:50+00:00,2026,1,401856667,2026-09-05T19:30:00.000Z,Texas,Texas State,DraftKings,-30.5,-30.5,,,,
2026-08-12T05:15:50+00:00,2026,1,401856667,2026-09-05T19:30:00.000Z,Texas,Texas State,Bovada,-30.5,-30.5,60,59.5,-10000,-100000
2026-08-12T05:15:50+00:00,2026,1,401860878,2026-09-05T22:00:00.000Z,Colorado State,Wyoming,DraftKings,-4,-4,,,,
2026-08-12T05:15:50+00:00,2026,1,401860878,2026-09-05T22:00:00.000Z,Colorado State,Wyoming,Bovada,-4,-4,48,47.5,-180,155
2026-08-12T05:15:50+00:00,2026,1,401856668,2026-09-05T23:00:00.000Z,Texas A&M,Missouri State,Bovada,-39.5,-38.5,52.5,52.5,,
2026-08-12T05:15:50+00:00,2026,1,401856668,2026-09-05T23:00:00.000Z,Texas A&M,Missouri State,DraftKings,-38.5,-38.5,,,,
2026-08-12T05:15:50+00:00,2026,1,401862695,2026-09-05T23:00:00.000Z,Memphis,Arkansas State,Bovada,-10,-10.5,55.5,55.5,-440,330
2026-08-12T05:15:50+00:00,2026,1,401862695,2026-09-05T23:00:00.000Z,Memphis,Arkansas State,DraftKings,-10.5,-10.5,,,,
2026-08-12T05:15:50+00:00,2026,1,401870763,2026-09-05T23:00:00.000Z,Troy,Sam Houston,Bovada,-16,-17,51.5,50.5,-1300,725
2026-08-12T05:15:50+00:00,2026,1,401870763,2026-09-05T23:00:00.000Z,Troy,Sam Houston,DraftKings,-16.5,-17.5,,,,
2026-08-12T05:15:50+00:00,2026,1,401856660,2026-09-05T23:30:00.000Z,LSU,Clemson,Bovada,-9.5,-11.5,50.5,51.5,-480,350
2026-08-12T05:15:50+00:00,2026,1,401856660,2026-09-05T23:30:00.000Z,LSU,Clemson,DraftKings,-10.5,,50.5,,-455,350
2026-08-12T05:15:50+00:00,2026,1,401856662,2026-09-05T23:30:00.000Z,Mississippi State,UL Monroe,Bovada,-28.5,-28.5,55.5,55.5,-100000,2000
2026-08-12T05:15:50+00:00,2026,1,401856662,2026-09-05T23:30:00.000Z,Mississippi State,UL Monroe,DraftKings,-28.5,-28.5,,,,
2026-08-12T05:15:50+00:00,2026,1,401856637,2026-09-05T23:45:00.000Z,Florida,Florida Atlantic,Bovada,-26.5,-25.5,58.5,56.5,-7000,1300
2026-08-12T05:15:50+00:00,2026,1,401856637,2026-09-05T23:45:00.000Z,Florida,Florida Atlantic,DraftKings,-25.5,-25.5,,,,
2026-08-12T05:15:50+00:00,2026,1,401864497,2026-09-06T02:00:00.000Z,Hawai'i,UNLV,Bovada,2.5,1.5,58.5,58.5,105,-125
2026-08-12T05:15:50+00:00,2026,1,401864497,2026-09-06T02:00:00.000Z,Hawai'i,UNLV,DraftKings,1.5,1.5,,,,
2026-08-12T05:15:50+00:00,2026,1,401864498,2026-09-06T02:00:00.000Z,New Mexico,Central Michigan,Bovada,-13,-12.5,49,49,-575,400
2026-08-12T05:15:50+00:00,2026,1,401864498,2026-09-06T02:00:00.000Z,New Mexico,Central Michigan,DraftKings,-12.5,-12.5,,,,
2026-08-12T05:15:50+00:00,2026,1,401864432,2026-09-06T02:30:00.000Z,Nevada,Western Kentucky,Bovada,3,4,53,53.5,120,-140
2026-08-12T05:15:50+00:00,2026,1,401864432,2026-09-06T02:30:00.000Z,Nevada,Western Kentucky,DraftKings,4,4.5,,,,
2026-08-12T05:15:50+00:00,2026,1,401858437,2026-09-06T20:00:00.000Z,Washington,Washington State,DraftKings,-21.5,-21.5,,,,
2026-08-12T05:15:50+00:00,2026,1,401858437,2026-09-06T20:00:00.000Z,Washington,Washington State,Bovada,-23,-21.5,50.5,50.5,-2200,1000
2026-08-12T11:38:50+00:00,2026,1,401856766,2026-08-29T16:00:00.000Z,TCU,North Carolina,Bovada,-7.5,-7.5,47.5,50.5,-235,195
2026-08-12T11:38:50+00:00,2026,1,401856766,2026-08-29T16:00:00.000Z,TCU,North Carolina,DraftKings,-6.5,,49.5,,-250,205
2026-08-12T11:38:50+00:00,2026,1,401856772,2026-09-05T19:45:00.000Z,Tulsa,Oklahoma State,DraftKings,11.5,11.5,,,,
2026-08-12T11:38:50+00:00,2026,1,401856772,2026-09-05T19:45:00.000Z,Tulsa,Oklahoma State,Bovada,13.5,11.5,61,61.5,390,-550
2026-08-12T11:38:50+00:00,2026,1,401856777,2026-09-05T19:30:00.000Z,Cincinnati,Boston College,DraftKings,-9.5,-9.5,,,,
2026-08-12T11:38:50+00:00,2026,1,401856777,2026-09-05T19:30:00.000Z,Cincinnati,Boston College,Bovada,-7.5,-9.5,54.5,54.5,-270,220
2026-08-12T11:38:50+00:00,2026,1,401856778,2026-09-05T16:00:00.000Z,Houston,Oregon State,Bovada,-20,-18.5,51,51.5,-1300,725
2026-08-12T11:38:50+00:00,2026,1,401856778,2026-09-05T16:00:00.000Z,Houston,Oregon State,DraftKings,-18.5,-18.5,,,,
2026-08-12T11:38:50+00:00,2026,1,401858209,2026-09-05T19:30:00.000Z,Duke,Tulane,DraftKings,-8.5,-8.5,,,,
2026-08-12T11:38:50+00:00,2026,1,401858209,2026-09-05T19:30:00.000Z,Duke,Tulane,Bovada,-9,-8.5,52,53.5,-480,350
2026-08-12T11:38:50+00:00,2026,1,401858210,2026-09-06T02:30:00.000Z,California,UCLA,Bovada,1.5,-3.5,54.5,53.5,-115,-105
2026-08-12T11:38:50+00:00,2026,1,401858210,2026-09-06T02:30:00.000Z,California,UCLA,DraftKings,-1.5,-1.5,53.5,,,
2026-08-12T11:38:50+00:00,2026,1,401858424,2026-09-04T01:00:00.000Z,Illinois,UAB,Bovada,-27.5,-27.5,57,56.5,-100000,2000
2026-08-12T11:38:50+00:00,2026,1,401858424,2026-09-04T01:00:00.000Z,Illinois,UAB,DraftKings,-27.5,-27.5,,,,
2026-08-12T11:38:50+00:00,2026,1,401858425,2026-09-05T16:00:00.000Z,Indiana,North Texas,DraftKings,-40.5,-40.5,,,,
2026-08-12T11:38:50+00:00,2026,1,401858425,2026-09-05T16:00:00.000Z,Indiana,North Texas,Bovada,-41,-40.5,55.5,55.5,,
2026-08-12T11:38:50+00:00,2026,1,401858426,2026-09-05T20:15:00.000Z,Iowa,Northern Illinois,Bovada,-31,-29.5,45.5,43.5,-100000,2500
2026-08-12T11:38:50+00:00,2026,1,401858426,2026-09-05T20:15:00.000Z,Iowa,Northern Illinois,DraftKings,-29.5,-29.5,,,,
2026-08-12T11:38:50+00:00,2026,1,401858428,2026-09-05T23:30:00.000Z,Michigan,Western Michigan,DraftKings,-26.5,-26.5,,,,
2026-08-12T11:38:50+00:00,2026,1,401858428,2026-09-05T23:30:00.000Z,Michigan,Western Michigan,Bovada,-26.5,-26.5,47.5,47.5,-100000,2200
2026-08-12T11:38:50+00:00,2026,1,401858429,2026-09-05T00:00:00.000Z,Michigan State,Toledo,DraftKings,-10.5,-10.5,,,,
2026-08-12T11:38:50+00:00,2026,1,401858429,2026-09-05T00:00:00.000Z,Michigan State,Toledo,Bovada,-10.5,-10.5,49.5,49.5,-410,305
2026-08-12T11:38:50+00:00,2026,1,401858430,2026-09-05T16:00:00.000Z,Nebraska,Ohio,DraftKings,-23.5,-23.5,,,,
2026-08-12T11:38:50+00:00,2026,1,401858430,2026-09-05T16:00:00.000Z,Nebraska,Ohio,Bovada,-24,-23.5,47.5,47.5,-4000,1200
2026-08-12T11:38:50+00:00,2026,1,401858432,2026-09-05T16:30:00.000Z,Ohio State,Ball State,DraftKings,-49.5,-49.5,,,,
2026-08-12T11:38:50+00:00,2026,1,401858432,2026-09-05T16:30:00.000Z,Ohio State,Ball State,Bovada,-51,-50.5,56.5,56.5,,
2026-08-12T11:38:50+00:00,2026,1,401858433,2026-09-05T19:30:00.000Z,Oregon,Boise State,DraftKings,-24.5,-24.5,,,,
2026-08-12T11:38:50+00:00,2026,1,401858433,2026-09-05T19:30:00.000Z,Oregon,Boise State,Bovada,-24.5,-24.5,52,53.5,-10000,1600
2026-08-12T11:38:50+00:00,2026,1,401858434,2026-09-05T19:30:00.000Z,Penn State,Marshall,Bovada,-24.5,-23.5,54.5,54.5,-3300,1100
2026-08-12T11:38:50+00:00,2026,1,401858434,2026-09-05T19:30:00.000Z,Penn State,Marshall,DraftKings,-23.5,-23.5,,,,
2026-08-12T11:38:50+00:00,2026,1,401862699,2026-09-05T23:00:00.000Z,South Florida,Florida International,Bovada,-12.5,-12.5,55,54.5,-460,340
2026-08-12T11:38:50+00:00,2026,1,401862699,2026-09-05T23:00:00.000Z,South Florida,Florida International,DraftKings,-12.5,-12.5,,,,
2026-08-12T11:38:50+00:00,2026,1,401858201,2026-08-29T23:00:00.000Z,Stanford,Hawai'i,DraftKings,-3,-3,,,,
2026-08-12T11:38:50+00:00,2026,1,401858201,2026-08-29T23:00:00.000Z,Stanford,Hawai'i,Bovada,-5.5,-3,49.5,50.5,-170,145
2026-08-12T11:38:50+00:00,2026,1,401862693,2026-08-30T02:00:00.000Z,UNLV,Memphis,DraftKings,-3,-3,,,,
2026-08-12T11:38:50+00:00,2026,1,401862693,2026-08-30T02:00:00.000Z,UNLV,Memphis,Bovada,-5.5,-3,57.5,60.5,-170,145
2026-08-12T11:38:50+00:00,2026,1,401864494,2026-08-29T19:00:00.000Z,USC,San José State,Bovada,-38,-35.5,59.5,57.5,-100000,3500
2026-08-12T11:38:50+00:00,2026,1,401864494,2026-08-29T19:00:00.000Z,USC,San José State,DraftKings,-35.5,-35.5,,,,
2026-08-12T11:38:50+00:00,2026,1,401864570,2026-08-29T23:00:00.000Z,Florida State,New Mexico State,Bovada,-31,-29.5,53,53.5,-100000,2800
2026-08-12T11:38:50+00:00,2026,1,401864570,2026-08-29T23:00:00.000Z,Florida State,New Mexico State,DraftKings,-29.5,-28.5,,,,
2026-08-12T11:38:50+00:00,2026,1,401864577,2026-08-29T21:30:00.000Z,North Dakota State,Jacksonville State,Bovada,-7,-10,47.5,48.5,-330,265
2026-08-12T11:38:50+00:00,2026,1,401864577,2026-08-29T21:30:00.000Z,North Dakota State,Jacksonville State,DraftKings,-10,-10,,,,
2026-08-12T11:38:50+00:00,2026,1,401866408,2026-08-29T22:30:00.000Z,Eastern Michigan,Sacramento State,DraftKings,-8.5,-8.5,,,,
2026-08-12T11:38:50+00:00,2026,1,401866408,2026-08-29T22:30:00.000Z,Eastern Michigan,Sacramento State,Bovada,-8.5,-8.5,52.5,52.5,-330,265
2026-08-12T11:38:50+00:00,2026,1,401858204,2026-09-03T23:00:00.000Z,Wake Forest,Akron,DraftKings,-22.5,-22.5,,,,
2026-08-12T11:38:50+00:00,2026,1,401858204,2026-09-03T23:00:00.000Z,Wake Forest,Akron,Bovada,-22.5,-22.5,49.5,49.5,-3500,1100
2026-08-12T11:38:50+00:00,2026,1,401858423,2026-09-03T22:00:00.000Z,Rutgers,Massachusetts,Bovada,-30.5,-30.5,54.5,54.5,,
2026-08-12T11:38:50+00:00,2026,1,401858423,2026-09-03T22:00:00.000Z,Rutgers,Massachusetts,DraftKings,-30.5,-30.5,,,,
2026-08-12T11:38:50+00:00,2026,1,401858202,2026-08-29T19:30:00.000Z,Virginia,NC State,Bovada,-5.5,-3.5,53,54.5,-145,125
2026-08-12T11:38:50+00:00,2026,1,401858202,2026-08-29T19:30:00.000Z,Virginia,NC State,DraftKings,-3,,53.5,,-135,114
2026-08-12T11:38:50+00:00,2026,1,401858438,2026-09-06T23:30:00.000Z,Notre Dame,Wisconsin,Bovada,-20.5,-16.5,47.5,46.5,-2500,1000
2026-08-12T11:38:50+00:00,2026,1,401858438,2026-09-06T23:30:00.000Z,Notre Dame,Wisconsin,DraftKings,-20.5,,47.5,47.5,-1800,1000
2026-08-12T11:38:50+00:00,2026,1,401856661,2026-09-06T23:30:00.000Z,Ole Miss,Louisville,Bovada,-6.5,-8.5,55.5,52.5,-270,220
2026-08-12T11:38:50+00:00,2026,1,401856661,2026-09-06T23:30:00.000Z,Ole Miss,Louisville,DraftKings,-6.5,,55.5,,-278,225
2026-08-12T11:38:50+00:00,2026,1,401858212,2026-09-07T23:30:00.000Z,Florida State,SMU,DraftKings,2.5,,52.5,,120,-142
2026-08-12T11:38:50+00:00,2026,1,401858212,2026-09-07T23:30:00.000Z,Florida State,SMU,Bovada,2.5,2.5,53.5,52.5,120,-140
2026-08-12T11:38:50+00:00,2026,1,401856776,2026-09-04T00:00:00.000Z,Georgia Tech,Colorado,DraftKings,-7,-7,,,,
2026-08-12T11:38:50+00:00,2026,1,401856776,2026-09-04T00:00:00.000Z,Georgia Tech,Colorado,Bovada,-7,-7,51,51.5,-290,240
2026-08-12T11:38:50+00:00,2026,1,401858436,2026-09-05T01:00:00.000Z,USC,Fresno State,DraftKings,-23.5,-23.5,,,,
2026-08-12T11:38:50+00:00,2026,1,401858436,2026-09-05T01:00:00.000Z,USC,Fresno State,Bovada,-22.5,-23,51.5,51.5,-3500,-100000
2026-08-12T11:38:50+00:00,2026,1,401864495,2026-09-04T22:30:00.000Z,Eastern Michigan,San José State,DraftKings,-3.5,-3.5,,,,
2026-08-12T11:38:50+00:00,2026,1,401864495,2026-09-04T22:30:00.000Z,Eastern Michigan,San José State,Bovada,-4.5,-3.5,53.5,53.5,-160,135
2026-08-12T11:38:50+00:00,2026,1,401858206,2026-09-05T01:00:00.000Z,Stanford,Miami,DraftKings,21.5,21.5,,,,
2026-08-12T11:38:50+00:00,2026,1,401858206,2026-09-05T01:00:00.000Z,Stanford,Miami,Bovada,23.5,21.5,49.5,48.5,-100000,-2500
2026-08-12T11:38:50+00:00,2026,1,401856636,2026-09-05T19:30:00.000Z,Auburn,Baylor,DraftKings,-6.5,-6.5,59.5,,-285,230
2026-08-12T11:38:50+00:00,2026,1,401856636,2026-09-05T19:30:00.000Z,Auburn,Baylor,Bovada,-7,-7.5,59,58.5,-270,220
2026-08-12T11:38:50+00:00,2026,1,401856664,2026-09-05T00:00:00.000Z,Oklahoma,UTEP,Bovada,-40.5,-40.5,50.5,50.5,,
2026-08-12T11:38:50+00:00,2026,1,401856664,2026-09-05T00:00:00.000Z,Oklahoma,UTEP,DraftKings,-40.5,-40.5,,,,
2026-08-12T11:38:50+00:00,2026,1,401856634,2026-09-05T16:00:00.000Z,Alabama,East Carolina,DraftKings,-25.5,-25.5,,,,
2026-08-12T11:38:50+00:00,2026,1,401856634,2026-09-05T16:00:00.000Z,Alabama,East Carolina,Bovada,-28.5,-25.5,54,53.5,-10000,1600
2026-08-12T11:38:50+00:00,2026,1,401856780,2026-09-05T16:00:00.000Z,West Virginia,Coastal Carolina,Bovada,-21.5,-17.5,58,57.5,-1725,-100000
2026-08-12T11:38:50+00:00,2026,1,401856780,2026-09-05T16:00:00.000Z,West Virginia,Coastal Carolina,DraftKings,-17.5,-17.5,,,,
2026-08-12T11:38:50+00:00,2026,1,401858207,2026-09-05T16:00:00.000Z,Pittsburgh,Miami (OH),Bovada,-16.5,-16.5,50.5,50.5,-800,525
2026-08-12T11:38:50+00:00,2026,1,401858207,2026-09-05T16:00:00.000Z,Pittsburgh,Miami (OH),DraftKings,-16.5,-16.5,,,,
2026-08-12T11:38:50+00:00,2026,1,401869960,2026-09-05T16:00:00.000Z,James Madison,Liberty,DraftKings,-6,-6,,,,
2026-08-12T11:38:50+00:00,2026,1,401869960,2026-09-05T16:00:00.000Z,James Madison,Liberty,Bovada,-6.5,-6,51.5,50.5,-250,210
2026-08-12T11:38:50+00:00,2026,1,401856665,2026-09-05T16:45:00.000Z,South Carolina,Kent State,Bovada,-36.5,-34.5,53,52.5,-100000,-100000
2026-08-12T11:38:50+00:00,2026,1,401856665,2026-09-05T16:45:00.000Z,South Carolina,Kent State,DraftKings,-34.5,-33.5,,,,
2026-08-12T11:38:50+00:00,2026,1,401856667,2026-09-05T19:30:00.000Z,Texas,Texas State,DraftKings,-30.5,-30.5,,,,
2026-08-12T11:38:50+00:00,2026,1,401856667,2026-09-05T19:30:00.000Z,Texas,Texas State,Bovada,-30.5,-30.5,60,59.5,-10000,-100000
2026-08-12T11:38:50+00:00,2026,1,401860878,2026-09-05T22:00:00.000Z,Colorado State,Wyoming,DraftKings,-4,-4,,,,
2026-08-12T11:38:50+00:00,2026,1,401860878,2026-09-05T22:00:00.000Z,Colorado State,Wyoming,Bovada,-3.5,-4,48,47.5,-180,155
2026-08-12T11:38:50+00:00,2026,1,401856668,2026-09-05T23:00:00.000Z,Texas A&M,Missouri State,Bovada,-39.5,-38.5,52.5,52.5,,
2026-08-12T11:38:50+00:00,2026,1,401856668,2026-09-05T23:00:00.000Z,Texas A&M,Missouri State,DraftKings,-38.5,-38.5,,,,
2026-08-12T11:38:50+00:00,2026,1,401862695,2026-09-05T23:00:00.000Z,Memphis,Arkansas State,Bovada,-10,-10.5,55.5,55.5,-440,330
2026-08-12T11:38:50+00:00,2026,1,401862695,2026-09-05T23:00:00.000Z,Memphis,Arkansas State,DraftKings,-10.5,-10.5,,,,
2026-08-12T11:38:50+00:00,2026,1,401870763,2026-09-05T23:00:00.000Z,Troy,Sam Houston,Bovada,-16,-17,51.5,50.5,-1300,725
2026-08-12T11:38:50+00:00,2026,1,401870763,2026-09-05T23:00:00.000Z,Troy,Sam Houston,DraftKings,-16.5,-17.5,,,,
2026-08-12T11:38:50+00:00,2026,1,401856660,2026-09-05T23:30:00.000Z,LSU,Clemson,Bovada,-9.5,-11.5,50.5,51.5,-480,350
2026-08-12T11:38:50+00:00,2026,1,401856660,2026-09-05T23:30:00.000Z,LSU,Clemson,DraftKings,-10.5,,50.5,,-455,350
2026-08-12T11:38:50+00:00,2026,1,401856662,2026-09-05T23:30:00.000Z,Mississippi State,UL Monroe,Bovada,-28.5,-28.5,55.5,55.5,-100000,2000
2026-08-12T11:38:50+00:00,2026,1,401856662,2026-09-05T23:30:00.000Z,Mississippi State,UL Monroe,DraftKings,-28.5,-28.5,,,,
2026-08-12T11:38:50+00:00,2026,1,401856637,2026-09-05T23:45:00.000Z,Florida,Florida Atlantic,Bovada,-26.5,-25.5,58.5,56.5,-7000,1300
2026-08-12T11:38:50+00:00,2026,1,401856637,2026-09-05T23:45:00.000Z,Florida,Florida Atlantic,DraftKings,-25.5,-25.5,,,,
2026-08-12T11:38:50+00:00,2026,1,401864497,2026-09-06T02:00:00.000Z,Hawai'i,UNLV,Bovada,2.5,1.5,58.5,58.5,105,-125
2026-08-12T11:38:50+00:00,2026,1,401864497,2026-09-06T02:00:00.000Z,Hawai'i,UNLV,DraftKings,1.5,1.5,,,,
2026-08-12T11:38:50+00:00,2026,1,401864498,2026-09-06T02:00:00.000Z,New Mexico,Central Michigan,Bovada,-13,-12.5,49,49,-575,400
2026-08-12T11:38:50+00:00,2026,1,401864498,2026-09-06T02:00:00.000Z,New Mexico,Central Michigan,DraftKings,-12.5,-12.5,,,,
2026-08-12T11:38:50+00:00,2026,1,401864432,2026-09-06T02:30:00.000Z,Nevada,Western Kentucky,Bovada,2.5,4,53,53.5,120,-140
2026-08-12T11:38:50+00:00,2026,1,401864432,2026-09-06T02:30:00.000Z,Nevada,Western Kentucky,DraftKings,4,4.5,,,,
2026-08-12T11:38:50+00:00,2026,1,401858437,2026-09-06T20:00:00.000Z,Washington,Washington State,DraftKings,-21.5,-21.5,,,,
2026-08-12T11:38:50+00:00,2026,1,401858437,2026-09-06T20:00:00.000Z,Washington,Washington State,Bovada,-23,-21.5,50.5,50.5,-2200,1000
2026-08-12T11:39:57+00:00,2026,1,401856766,2026-08-29T16:00:00.000Z,TCU,North Carolina,Bovada,-7.5,-7.5,47.5,50.5,-235,195
2026-08-12T11:39:57+00:00,2026,1,401856766,2026-08-29T16:00:00.000Z,TCU,North Carolina,DraftKings,-6.5,,49.5,,-250,205
2026-08-12T11:39:57+00:00,2026,1,401856772,2026-09-05T19:45:00.000Z,Tulsa,Oklahoma State,DraftKings,11.5,11.5,,,,
2026-08-12T11:39:57+00:00,2026,1,401856772,2026-09-05T19:45:00.000Z,Tulsa,Oklahoma State,Bovada,13.5,11.5,61,61.5,390,-550
2026-08-12T11:39:57+00:00,2026,1,401856777,2026-09-05T19:30:00.000Z,Cincinnati,Boston College,DraftKings,-9.5,-9.5,,,,
2026-08-12T11:39:57+00:00,2026,1,401856777,2026-09-05T19:30:00.000Z,Cincinnati,Boston College,Bovada,-7.5,-9.5,54.5,54.5,-270,220
2026-08-12T11:39:57+00:00,2026,1,401856778,2026-09-05T16:00:00.000Z,Houston,Oregon State,Bovada,-20,-18.5,51,51.5,-1300,725
2026-08-12T11:39:57+00:00,2026,1,401856778,2026-09-05T16:00:00.000Z,Houston,Oregon State,DraftKings,-18.5,-18.5,,,,
2026-08-12T11:39:57+00:00,2026,1,401858209,2026-09-05T19:30:00.000Z,Duke,Tulane,DraftKings,-8.5,-8.5,,,,
2026-08-12T11:39:57+00:00,2026,1,401858209,2026-09-05T19:30:00.000Z,Duke,Tulane,Bovada,-9,-8.5,52,53.5,-480,350
2026-08-12T11:39:57+00:00,2026,1,401858210,2026-09-06T02:30:00.000Z,California,UCLA,Bovada,1.5,-3.5,54.5,53.5,-115,-105
2026-08-12T11:39:57+00:00,2026,1,401858210,2026-09-06T02:30:00.000Z,California,UCLA,DraftKings,-1.5,-1.5,53.5,,,
2026-08-12T11:39:57+00:00,2026,1,401858424,2026-09-04T01:00:00.000Z,Illinois,UAB,Bovada,-27.5,-27.5,57,56.5,-100000,2000
2026-08-12T11:39:57+00:00,2026,1,401858424,2026-09-04T01:00:00.000Z,Illinois,UAB,DraftKings,-27.5,-27.5,,,,
2026-08-12T11:39:57+00:00,2026,1,401858425,2026-09-05T16:00:00.000Z,Indiana,North Texas,DraftKings,-40.5,-40.5,,,,
2026-08-12T11:39:57+00:00,2026,1,401858425,2026-09-05T16:00:00.000Z,Indiana,North Texas,Bovada,-41,-40.5,55.5,55.5,,
2026-08-12T11:39:57+00:00,2026,1,401858426,2026-09-05T20:15:00.000Z,Iowa,Northern Illinois,Bovada,-31,-29.5,45.5,43.5,-100000,2500
2026-08-12T11:39:57+00:00,2026,1,401858426,2026-09-05T20:15:00.000Z,Iowa,Northern Illinois,DraftKings,-29.5,-29.5,,,,
2026-08-12T11:39:57+00:00,2026,1,401858428,2026-09-05T23:30:00.000Z,Michigan,Western Michigan,DraftKings,-26.5,-26.5,,,,
2026-08-12T11:39:57+00:00,2026,1,401858428,2026-09-05T23:30:00.000Z,Michigan,Western Michigan,Bovada,-26.5,-26.5,47.5,47.5,-100000,2200
2026-08-12T11:39:57+00:00,2026,1,401858429,2026-09-05T00:00:00.000Z,Michigan State,Toledo,DraftKings,-10.5,-10.5,,,,
2026-08-12T11:39:57+00:00,2026,1,401858429,2026-09-05T00:00:00.000Z,Michigan State,Toledo,Bovada,-10.5,-10.5,49.5,49.5,-410,305
2026-08-12T11:39:57+00:00,2026,1,401858430,2026-09-05T16:00:00.000Z,Nebraska,Ohio,DraftKings,-23.5,-23.5,,,,
2026-08-12T11:39:57+00:00,2026,1,401858430,2026-09-05T16:00:00.000Z,Nebraska,Ohio,Bovada,-24,-23.5,47.5,47.5,-4000,1200
2026-08-12T11:39:57+00:00,2026,1,401858432,2026-09-05T16:30:00.000Z,Ohio State,Ball State,DraftKings,-49.5,-49.5,,,,
2026-08-12T11:39:57+00:00,2026,1,401858432,2026-09-05T16:30:00.000Z,Ohio State,Ball State,Bovada,-51,-50.5,56.5,56.5,,
2026-08-12T11:39:57+00:00,2026,1,401858433,2026-09-05T19:30:00.000Z,Oregon,Boise State,DraftKings,-24.5,-24.5,,,,
2026-08-12T11:39:57+00:00,2026,1,401858433,2026-09-05T19:30:00.000Z,Oregon,Boise State,Bovada,-24.5,-24.5,52,53.5,-10000,1600
2026-08-12T11:39:57+00:00,2026,1,401858434,2026-09-05T19:30:00.000Z,Penn State,Marshall,Bovada,-24.5,-23.5,54.5,54.5,-3300,1100
2026-08-12T11:39:57+00:00,2026,1,401858434,2026-09-05T19:30:00.000Z,Penn State,Marshall,DraftKings,-23.5,-23.5,,,,
2026-08-12T11:39:57+00:00,2026,1,401862699,2026-09-05T23:00:00.000Z,South Florida,Florida International,Bovada,-12.5,-12.5,55,54.5,-460,340
2026-08-12T11:39:57+00:00,2026,1,401862699,2026-09-05T23:00:00.000Z,South Florida,Florida International,DraftKings,-12.5,-12.5,,,,
2026-08-12T11:39:57+00:00,2026,1,401858201,2026-08-29T23:00:00.000Z,Stanford,Hawai'i,DraftKings,-3,-3,,,,
2026-08-12T11:39:57+00:00,2026,1,401858201,2026-08-29T23:00:00.000Z,Stanford,Hawai'i,Bovada,-5.5,-3,49.5,50.5,-170,145
2026-08-12T11:39:57+00:00,2026,1,401862693,2026-08-30T02:00:00.000Z,UNLV,Memphis,DraftKings,-3,-3,,,,
2026-08-12T11:39:57+00:00,2026,1,401862693,2026-08-30T02:00:00.000Z,UNLV,Memphis,Bovada,-5.5,-3,57.5,60.5,-170,145
2026-08-12T11:39:57+00:00,2026,1,401864494,2026-08-29T19:00:00.000Z,USC,San José State,Bovada,-38,-35.5,59.5,57.5,-100000,3500
2026-08-12T11:39:57+00:00,2026,1,401864494,2026-08-29T19:00:00.000Z,USC,San José State,DraftKings,-35.5,-35.5,,,,
2026-08-12T11:39:57+00:00,2026,1,401864570,2026-08-29T23:00:00.000Z,Florida State,New Mexico State,Bovada,-31,-29.5,53,53.5,-100000,2800
2026-08-12T11:39:57+00:00,2026,1,401864570,2026-08-29T23:00:00.000Z,Florida State,New Mexico State,DraftKings,-29.5,-28.5,,,,
2026-08-12T11:39:57+00:00,2026,1,401864577,2026-08-29T21:30:00.000Z,North Dakota State,Jacksonville State,Bovada,-7,-10,47.5,48.5,-330,265
2026-08-12T11:39:57+00:00,2026,1,401864577,2026-08-29T21:30:00.000Z,North Dakota State,Jacksonville State,DraftKings,-10,-10,,,,
2026-08-12T11:39:57+00:00,2026,1,401866408,2026-08-29T22:30:00.000Z,Eastern Michigan,Sacramento State,DraftKings,-8.5,-8.5,,,,
2026-08-12T11:39:57+00:00,2026,1,401866408,2026-08-29T22:30:00.000Z,Eastern Michigan,Sacramento State,Bovada,-8.5,-8.5,52.5,52.5,-330,265
2026-08-12T11:39:57+00:00,2026,1,401858204,2026-09-03T23:00:00.000Z,Wake Forest,Akron,DraftKings,-22.5,-22.5,,,,
2026-08-12T11:39:57+00:00,2026,1,401858204,2026-09-03T23:00:00.000Z,Wake Forest,Akron,Bovada,-22.5,-22.5,49.5,49.5,-3500,1100
2026-08-12T11:39:57+00:00,2026,1,401858423,2026-09-03T22:00:00.000Z,Rutgers,Massachusetts,Bovada,-30.5,-30.5,54.5,54.5,,
2026-08-12T11:39:57+00:00,2026,1,401858423,2026-09-03T22:00:00.000Z,Rutgers,Massachusetts,DraftKings,-30.5,-30.5,,,,
2026-08-12T11:39:57+00:00,2026,1,401858202,2026-08-29T19:30:00.000Z,Virginia,NC State,Bovada,-5.5,-3.5,53,54.5,-145,125
2026-08-12T11:39:57+00:00,2026,1,401858202,2026-08-29T19:30:00.000Z,Virginia,NC State,DraftKings,-3,,53.5,,-135,114
2026-08-12T11:39:57+00:00,2026,1,401858438,2026-09-06T23:30:00.000Z,Notre Dame,Wisconsin,Bovada,-20.5,-16.5,47.5,46.5,-2500,1000
2026-08-12T11:39:57+00:00,2026,1,401858438,2026-09-06T23:30:00.000Z,Notre Dame,Wisconsin,DraftKings,-20.5,,47.5,47.5,-1800,1000
2026-08-12T11:39:57+00:00,2026,1,401856661,2026-09-06T23:30:00.000Z,Ole Miss,Louisville,Bovada,-6.5,-8.5,55.5,52.5,-270,220
2026-08-12T11:39:57+00:00,2026,1,401856661,2026-09-06T23:30:00.000Z,Ole Miss,Louisville,DraftKings,-6.5,,55.5,,-278,225
2026-08-12T11:39:57+00:00,2026,1,401858212,2026-09-07T23:30:00.000Z,Florida State,SMU,DraftKings,2.5,,52.5,,120,-142
2026-08-12T11:39:57+00:00,2026,1,401858212,2026-09-07T23:30:00.000Z,Florida State,SMU,Bovada,2.5,2.5,53.5,52.5,120,-140
2026-08-12T11:39:57+00:00,2026,1,401856776,2026-09-04T00:00:00.000Z,Georgia Tech,Colorado,DraftKings,-7,-7,,,,
2026-08-12T11:39:57+00:00,2026,1,401856776,2026-09-04T00:00:00.000Z,Georgia Tech,Colorado,Bovada,-7,-7,51,51.5,-290,240
2026-08-12T11:39:57+00:00,2026,1,401858436,2026-09-05T01:00:00.000Z,USC,Fresno State,DraftKings,-23.5,-23.5,,,,
2026-08-12T11:39:57+00:00,2026,1,401858436,2026-09-05T01:00:00.000Z,USC,Fresno State,Bovada,-22.5,-23,51.5,51.5,-3500,-100000
2026-08-12T11:39:57+00:00,2026,1,401864495,2026-09-04T22:30:00.000Z,Eastern Michigan,San José State,DraftKings,-3.5,-3.5,,,,
2026-08-12T11:39:57+00:00,2026,1,401864495,2026-09-04T22:30:00.000Z,Eastern Michigan,San José State,Bovada,-4.5,-3.5,53.5,53.5,-160,135
2026-08-12T11:39:57+00:00,2026,1,401858206,2026-09-05T01:00:00.000Z,Stanford,Miami,DraftKings,21.5,21.5,,,,
2026-08-12T11:39:57+00:00,2026,1,401858206,2026-09-05T01:00:00.000Z,Stanford,Miami,Bovada,23.5,21.5,49.5,48.5,-100000,-2500
2026-08-12T11:39:57+00:00,2026,1,401856636,2026-09-05T19:30:00.000Z,Auburn,Baylor,DraftKings,-6.5,-6.5,59.5,,-285,230
2026-08-12T11:39:57+00:00,2026,1,401856636,2026-09-05T19:30:00.000Z,Auburn,Baylor,Bovada,-7,-7.5,59,58.5,-270,220
2026-08-12T11:39:57+00:00,2026,1,401856664,2026-09-05T00:00:00.000Z,Oklahoma,UTEP,Bovada,-40.5,-40.5,50.5,50.5,,
2026-08-12T11:39:57+00:00,2026,1,401856664,2026-09-05T00:00:00.000Z,Oklahoma,UTEP,DraftKings,-40.5,-40.5,,,,
2026-08-12T11:39:57+00:00,2026,1,401856634,2026-09-05T16:00:00.000Z,Alabama,East Carolina,DraftKings,-25.5,-25.5,,,,
2026-08-12T11:39:57+00:00,2026,1,401856634,2026-09-05T16:00:00.000Z,Alabama,East Carolina,Bovada,-28.5,-25.5,54,53.5,-10000,1600
2026-08-12T11:39:57+00:00,2026,1,401856780,2026-09-05T16:00:00.000Z,West Virginia,Coastal Carolina,Bovada,-21.5,-17.5,58,57.5,-1725,-100000
2026-08-12T11:39:57+00:00,2026,1,401856780,2026-09-05T16:00:00.000Z,West Virginia,Coastal Carolina,DraftKings,-17.5,-17.5,,,,
2026-08-12T11:39:57+00:00,2026,1,401858207,2026-09-05T16:00:00.000Z,Pittsburgh,Miami (OH),Bovada,-16.5,-16.5,50.5,50.5,-800,525
2026-08-12T11:39:57+00:00,2026,1,401858207,2026-09-05T16:00:00.000Z,Pittsburgh,Miami (OH),DraftKings,-16.5,-16.5,,,,
2026-08-12T11:39:57+00:00,2026,1,401869960,2026-09-05T16:00:00.000Z,James Madison,Liberty,DraftKings,-6,-6,,,,
2026-08-12T11:39:57+00:00,2026,1,401869960,2026-09-05T16:00:00.000Z,James Madison,Liberty,Bovada,-6.5,-6,51.5,50.5,-250,210
2026-08-12T11:39:57+00:00,2026,1,401856665,2026-09-05T16:45:00.000Z,South Carolina,Kent State,Bovada,-36.5,-34.5,53,52.5,-100000,-100000
2026-08-12T11:39:57+00:00,2026,1,401856665,2026-09-05T16:45:00.000Z,South Carolina,Kent State,DraftKings,-34.5,-33.5,,,,
2026-08-12T11:39:57+00:00,2026,1,401856667,2026-09-05T19:30:00.000Z,Texas,Texas State,DraftKings,-30.5,-30.5,,,,
2026-08-12T11:39:57+00:00,2026,1,401856667,2026-09-05T19:30:00.000Z,Texas,Texas State,Bovada,-30.5,-30.5,60,59.5,-10000,-100000
2026-08-12T11:39:57+00:00,2026,1,401860878,2026-09-05T22:00:00.000Z,Colorado State,Wyoming,DraftKings,-4,-4,,,,
2026-08-12T11:39:57+00:00,2026,1,401860878,2026-09-05T22:00:00.000Z,Colorado State,Wyoming,Bovada,-3.5,-4,48,47.5,-180,155
2026-08-12T11:39:57+00:00,2026,1,401856668,2026-09-05T23:00:00.000Z,Texas A&M,Missouri State,Bovada,-39.5,-38.5,52.5,52.5,,
2026-08-12T11:39:57+00:00,2026,1,401856668,2026-09-05T23:00:00.000Z,Texas A&M,Missouri State,DraftKings,-38.5,-38.5,,,,
2026-08-12T11:39:57+00:00,2026,1,401862695,2026-09-05T23:00:00.000Z,Memphis,Arkansas State,Bovada,-10,-10.5,55.5,55.5,-440,330
2026-08-12T11:39:57+00:00,2026,1,401862695,2026-09-05T23:00:00.000Z,Memphis,Arkansas State,DraftKings,-10.5,-10.5,,,,
2026-08-12T11:39:57+00:00,2026,1,401870763,2026-09-05T23:00:00.000Z,Troy,Sam Houston,Bovada,-16,-17,51.5,50.5,-1300,725
2026-08-12T11:39:57+00:00,2026,1,401870763,2026-09-05T23:00:00.000Z,Troy,Sam Houston,DraftKings,-16.5,-17.5,,,,
2026-08-12T11:39:57+00:00,2026,1,401856660,2026-09-05T23:30:00.000Z,LSU,Clemson,Bovada,-9.5,-11.5,50.5,51.5,-480,350
2026-08-12T11:39:57+00:00,2026,1,401856660,2026-09-05T23:30:00.000Z,LSU,Clemson,DraftKings,-10.5,,50.5,,-455,350
2026-08-12T11:39:57+00:00,2026,1,401856662,2026-09-05T23:30:00.000Z,Mississippi State,UL Monroe,Bovada,-28.5,-28.5,55.5,55.5,-100000,2000
2026-08-12T11:39:57+00:00,2026,1,401856662,2026-09-05T23:30:00.000Z,Mississippi State,UL Monroe,DraftKings,-28.5,-28.5,,,,
2026-08-12T11:39:57+00:00,2026,1,401856637,2026-09-05T23:45:00.000Z,Florida,Florida Atlantic,Bovada,-26.5,-25.5,58.5,56.5,-7000,1300
2026-08-12T11:39:57+00:00,2026,1,401856637,2026-09-05T23:45:00.000Z,Florida,Florida Atlantic,DraftKings,-25.5,-25.5,,,,
2026-08-12T11:39:57+00:00,2026,1,401864497,2026-09-06T02:00:00.000Z,Hawai'i,UNLV,Bovada,2.5,1.5,58.5,58.5,105,-125
2026-08-12T11:39:57+00:00,2026,1,401864497,2026-09-06T02:00:00.000Z,Hawai'i,UNLV,DraftKings,1.5,1.5,,,,
2026-08-12T11:39:57+00:00,2026,1,401864498,2026-09-06T02:00:00.000Z,New Mexico,Central Michigan,Bovada,-13,-12.5,49,49,-575,400
2026-08-12T11:39:57+00:00,2026,1,401864498,2026-09-06T02:00:00.000Z,New Mexico,Central Michigan,DraftKings,-12.5,-12.5,,,,
2026-08-12T11:39:57+00:00,2026,1,401864432,2026-09-06T02:30:00.000Z,Nevada,Western Kentucky,Bovada,2.5,4,53,53.5,120,-140
2026-08-12T11:39:57+00:00,2026,1,401864432,2026-09-06T02:30:00.000Z,Nevada,Western Kentucky,DraftKings,4,4.5,,,,
2026-08-12T11:39:57+00:00,2026,1,401858437,2026-09-06T20:00:00.000Z,Washington,Washington State,DraftKings,-21.5,-21.5,,,,
2026-08-12T11:39:57+00:00,2026,1,401858437,2026-09-06T20:00:00.000Z,Washington,Washington State,Bovada,-23,-21.5,50.5,50.5,-2200,1000
2026-08-12T11:40:14+00:00,2026,1,401856766,2026-08-29T16:00:00.000Z,TCU,North Carolina,Bovada,-7.5,-7.5,47.5,50.5,-235,195
2026-08-12T11:40:14+00:00,2026,1,401856766,2026-08-29T16:00:00.000Z,TCU,North Carolina,DraftKings,-6.5,,49.5,,-250,205
2026-08-12T11:40:14+00:00,2026,1,401856772,2026-09-05T19:45:00.000Z,Tulsa,Oklahoma State,DraftKings,11.5,11.5,,,,
2026-08-12T11:40:14+00:00,2026,1,401856772,2026-09-05T19:45:00.000Z,Tulsa,Oklahoma State,Bovada,13.5,11.5,61,61.5,390,-550
2026-08-12T11:40:14+00:00,2026,1,401856777,2026-09-05T19:30:00.000Z,Cincinnati,Boston College,DraftKings,-9.5,-9.5,,,,
2026-08-12T11:40:14+00:00,2026,1,401856777,2026-09-05T19:30:00.000Z,Cincinnati,Boston College,Bovada,-7.5,-9.5,54.5,54.5,-270,220
2026-08-12T11:40:14+00:00,2026,1,401856778,2026-09-05T16:00:00.000Z,Houston,Oregon State,Bovada,-20,-18.5,51,51.5,-1300,725
2026-08-12T11:40:14+00:00,2026,1,401856778,2026-09-05T16:00:00.000Z,Houston,Oregon State,DraftKings,-18.5,-18.5,,,,
2026-08-12T11:40:14+00:00,2026,1,401858209,2026-09-05T19:30:00.000Z,Duke,Tulane,DraftKings,-8.5,-8.5,,,,
2026-08-12T11:40:14+00:00,2026,1,401858209,2026-09-05T19:30:00.000Z,Duke,Tulane,Bovada,-9,-8.5,52,53.5,-480,350
2026-08-12T11:40:14+00:00,2026,1,401858210,2026-09-06T02:30:00.000Z,California,UCLA,Bovada,1.5,-3.5,54.5,53.5,-115,-105
2026-08-12T11:40:14+00:00,2026,1,401858210,2026-09-06T02:30:00.000Z,California,UCLA,DraftKings,-1.5,-1.5,53.5,,,
2026-08-12T11:40:14+00:00,2026,1,401858424,2026-09-04T01:00:00.000Z,Illinois,UAB,Bovada,-27.5,-27.5,57,56.5,-100000,2000
2026-08-12T11:40:14+00:00,2026,1,401858424,2026-09-04T01:00:00.000Z,Illinois,UAB,DraftKings,-27.5,-27.5,,,,
2026-08-12T11:40:14+00:00,2026,1,401858425,2026-09-05T16:00:00.000Z,Indiana,North Texas,DraftKings,-40.5,-40.5,,,,
2026-08-12T11:40:14+00:00,2026,1,401858425,2026-09-05T16:00:00.000Z,Indiana,North Texas,Bovada,-41,-40.5,55.5,55.5,,
2026-08-12T11:40:14+00:00,2026,1,401858426,2026-09-05T20:15:00.000Z,Iowa,Northern Illinois,Bovada,-31,-29.5,45.5,43.5,-100000,2500
2026-08-12T11:40:14+00:00,2026,1,401858426,2026-09-05T20:15:00.000Z,Iowa,Northern Illinois,DraftKings,-29.5,-29.5,,,,
2026-08-12T11:40:14+00:00,2026,1,401858428,2026-09-05T23:30:00.000Z,Michigan,Western Michigan,DraftKings,-26.5,-26.5,,,,
2026-08-12T11:40:14+00:00,2026,1,401858428,2026-09-05T23:30:00.000Z,Michigan,Western Michigan,Bovada,-26.5,-26.5,47.5,47.5,-100000,2200
2026-08-12T11:40:14+00:00,2026,1,401858429,2026-09-05T00:00:00.000Z,Michigan State,Toledo,DraftKings,-10.5,-10.5,,,,
2026-08-12T11:40:14+00:00,2026,1,401858429,2026-09-05T00:00:00.000Z,Michigan State,Toledo,Bovada,-10.5,-10.5,49.5,49.5,-410,305
2026-08-12T11:40:14+00:00,2026,1,401858430,2026-09-05T16:00:00.000Z,Nebraska,Ohio,DraftKings,-23.5,-23.5,,,,
2026-08-12T11:40:14+00:00,2026,1,401858430,2026-09-05T16:00:00.000Z,Nebraska,Ohio,Bovada,-24,-23.5,47.5,47.5,-4000,1200
2026-08-12T11:40:14+00:00,2026,1,401858432,2026-09-05T16:30:00.000Z,Ohio State,Ball State,DraftKings,-49.5,-49.5,,,,
2026-08-12T11:40:14+00:00,2026,1,401858432,2026-09-05T16:30:00.000Z,Ohio State,Ball State,Bovada,-51,-50.5,56.5,56.5,,
2026-08-12T11:40:14+00:00,2026,1,401858433,2026-09-05T19:30:00.000Z,Oregon,Boise State,DraftKings,-24.5,-24.5,,,,
2026-08-12T11:40:14+00:00,2026,1,401858433,2026-09-05T19:30:00.000Z,Oregon,Boise State,Bovada,-24.5,-24.5,52,53.5,-10000,1600
2026-08-12T11:40:14+00:00,2026,1,401858434,2026-09-05T19:30:00.000Z,Penn State,Marshall,Bovada,-24.5,-23.5,54.5,54.5,-3300,1100
2026-08-12T11:40:14+00:00,2026,1,401858434,2026-09-05T19:30:00.000Z,Penn State,Marshall,DraftKings,-23.5,-23.5,,,,
2026-08-12T11:40:14+00:00,2026,1,401862699,2026-09-05T23:00:00.000Z,South Florida,Florida International,Bovada,-12.5,-12.5,55,54.5,-460,340
2026-08-12T11:40:14+00:00,2026,1,401862699,2026-09-05T23:00:00.000Z,South Florida,Florida International,DraftKings,-12.5,-12.5,,,,
2026-08-12T11:40:14+00:00,2026,1,401858201,2026-08-29T23:00:00.000Z,Stanford,Hawai'i,DraftKings,-3,-3,,,,
2026-08-12T11:40:14+00:00,2026,1,401858201,2026-08-29T23:00:00.000Z,Stanford,Hawai'i,Bovada,-5.5,-3,49.5,50.5,-170,145
2026-08-12T11:40:14+00:00,2026,1,401862693,2026-08-30T02:00:00.000Z,UNLV,Memphis,DraftKings,-3,-3,,,,
2026-08-12T11:40:14+00:00,2026,1,401862693,2026-08-30T02:00:00.000Z,UNLV,Memphis,Bovada,-5.5,-3,57.5,60.5,-170,145
2026-08-12T11:40:14+00:00,2026,1,401864494,2026-08-29T19:00:00.000Z,USC,San José State,Bovada,-38,-35.5,59.5,57.5,-100000,3500
2026-08-12T11:40:14+00:00,2026,1,401864494,2026-08-29T19:00:00.000Z,USC,San José State,DraftKings,-35.5,-35.5,,,,
2026-08-12T11:40:14+00:00,2026,1,401864570,2026-08-29T23:00:00.000Z,Florida State,New Mexico State,Bovada,-31,-29.5,53,53.5,-100000,2800
2026-08-12T11:40:14+00:00,2026,1,401864570,2026-08-29T23:00:00.000Z,Florida State,New Mexico State,DraftKings,-29.5,-28.5,,,,
2026-08-12T11:40:14+00:00,2026,1,401864577,2026-08-29T21:30:00.000Z,North Dakota State,Jacksonville State,Bovada,-7,-10,47.5,48.5,-330,265
2026-08-12T11:40:14+00:00,2026,1,401864577,2026-08-29T21:30:00.000Z,North Dakota State,Jacksonville State,DraftKings,-10,-10,,,,
2026-08-12T11:40:14+00:00,2026,1,401866408,2026-08-29T22:30:00.000Z,Eastern Michigan,Sacramento State,DraftKings,-8.5,-8.5,,,,
2026-08-12T11:40:14+00:00,2026,1,401866408,2026-08-29T22:30:00.000Z,Eastern Michigan,Sacramento State,Bovada,-8.5,-8.5,52.5,52.5,-330,265
2026-08-12T11:40:14+00:00,2026,1,401858204,2026-09-03T23:00:00.000Z,Wake Forest,Akron,DraftKings,-22.5,-22.5,,,,
2026-08-12T11:40:14+00:00,2026,1,401858204,2026-09-03T23:00:00.000Z,Wake Forest,Akron,Bovada,-22.5,-22.5,49.5,49.5,-3500,1100
2026-08-12T11:40:14+00:00,2026,1,401858423,2026-09-03T22:00:00.000Z,Rutgers,Massachusetts,Bovada,-30.5,-30.5,54.5,54.5,,
2026-08-12T11:40:14+00:00,2026,1,401858423,2026-09-03T22:00:00.000Z,Rutgers,Massachusetts,DraftKings,-30.5,-30.5,,,,
2026-08-12T11:40:14+00:00,2026,1,401858202,2026-08-29T19:30:00.000Z,Virginia,NC State,Bovada,-5.5,-3.5,53,54.5,-145,125
2026-08-12T11:40:14+00:00,2026,1,401858202,2026-08-29T19:30:00.000Z,Virginia,NC State,DraftKings,-3,,53.5,,-135,114
2026-08-12T11:40:14+00:00,2026,1,401858438,2026-09-06T23:30:00.000Z,Notre Dame,Wisconsin,Bovada,-20.5,-16.5,47.5,46.5,-2500,1000
2026-08-12T11:40:14+00:00,2026,1,401858438,2026-09-06T23:30:00.000Z,Notre Dame,Wisconsin,DraftKings,-20.5,,47.5,47.5,-1800,1000
2026-08-12T11:40:14+00:00,2026,1,401856661,2026-09-06T23:30:00.000Z,Ole Miss,Louisville,Bovada,-6.5,-8.5,55.5,52.5,-270,220
2026-08-12T11:40:14+00:00,2026,1,401856661,2026-09-06T23:30:00.000Z,Ole Miss,Louisville,DraftKings,-6.5,,55.5,,-278,225
2026-08-12T11:40:14+00:00,2026,1,401858212,2026-09-07T23:30:00.000Z,Florida State,SMU,DraftKings,2.5,,52.5,,120,-142
2026-08-12T11:40:14+00:00,2026,1,401858212,2026-09-07T23:30:00.000Z,Florida State,SMU,Bovada,2.5,2.5,53.5,52.5,120,-140
2026-08-12T11:40:14+00:00,2026,1,401856776,2026-09-04T00:00:00.000Z,Georgia Tech,Colorado,DraftKings,-7,-7,,,,
2026-08-12T11:40:14+00:00,2026,1,401856776,2026-09-04T00:00:00.000Z,Georgia Tech,Colorado,Bovada,-7,-7,51,51.5,-290,240
2026-08-12T11:40:14+00:00,2026,1,401858436,2026-09-05T01:00:00.000Z,USC,Fresno State,DraftKings,-23.5,-23.5,,,,
2026-08-12T11:40:14+00:00,2026,1,401858436,2026-09-05T01:00:00.000Z,USC,Fresno State,Bovada,-22.5,-23,51.5,51.5,-3500,-100000
2026-08-12T11:40:14+00:00,2026,1,401864495,2026-09-04T22:30:00.000Z,Eastern Michigan,San José State,DraftKings,-3.5,-3.5,,,,
2026-08-12T11:40:14+00:00,2026,1,401864495,2026-09-04T22:30:00.000Z,Eastern Michigan,San José State,Bovada,-4.5,-3.5,53.5,53.5,-160,135
2026-08-12T11:40:14+00:00,2026,1,401858206,2026-09-05T01:00:00.000Z,Stanford,Miami,DraftKings,21.5,21.5,,,,
2026-08-12T11:40:14+00:00,2026,1,401858206,2026-09-05T01:00:00.000Z,Stanford,Miami,Bovada,23.5,21.5,49.5,48.5,-100000,-2500
2026-08-12T11:40:14+00:00,2026,1,401856636,2026-09-05T19:30:00.000Z,Auburn,Baylor,DraftKings,-6.5,-6.5,59.5,,-285,230
2026-08-12T11:40:14+00:00,2026,1,401856636,2026-09-05T19:30:00.000Z,Auburn,Baylor,Bovada,-7,-7.5,59,58.5,-270,220
2026-08-12T11:40:14+00:00,2026,1,401856664,2026-09-05T00:00:00.000Z,Oklahoma,UTEP,Bovada,-40.5,-40.5,50.5,50.5,,
2026-08-12T11:40:14+00:00,2026,1,401856664,2026-09-05T00:00:00.000Z,Oklahoma,UTEP,DraftKings,-40.5,-40.5,,,,
2026-08-12T11:40:14+00:00,2026,1,401856634,2026-09-05T16:00:00.000Z,Alabama,East Carolina,DraftKings,-25.5,-25.5,,,,
2026-08-12T11:40:14+00:00,2026,1,401856634,2026-09-05T16:00:00.000Z,Alabama,East Carolina,Bovada,-28.5,-25.5,54,53.5,-10000,1600
2026-08-12T11:40:14+00:00,2026,1,401856780,2026-09-05T16:00:00.000Z,West Virginia,Coastal Carolina,Bovada,-21.5,-17.5,58,57.5,-1725,-100000
2026-08-12T11:40:14+00:00,2026,1,401856780,2026-09-05T16:00:00.000Z,West Virginia,Coastal Carolina,DraftKings,-17.5,-17.5,,,,
2026-08-12T11:40:14+00:00,2026,1,401858207,2026-09-05T16:00:00.000Z,Pittsburgh,Miami (OH),Bovada,-16.5,-16.5,50.5,50.5,-800,525
2026-08-12T11:40:14+00:00,2026,1,401858207,2026-09-05T16:00:00.000Z,Pittsburgh,Miami (OH),DraftKings,-16.5,-16.5,,,,
2026-08-12T11:40:14+00:00,2026,1,401869960,2026-09-05T16:00:00.000Z,James Madison,Liberty,DraftKings,-6,-6,,,,
2026-08-12T11:40:14+00:00,2026,1,401869960,2026-09-05T16:00:00.000Z,James Madison,Liberty,Bovada,-6.5,-6,51.5,50.5,-250,210
2026-08-12T11:40:14+00:00,2026,1,401856665,2026-09-05T16:45:00.000Z,South Carolina,Kent State,Bovada,-36.5,-34.5,53,52.5,-100000,-100000
2026-08-12T11:40:14+00:00,2026,1,401856665,2026-09-05T16:45:00.000Z,South Carolina,Kent State,DraftKings,-34.5,-33.5,,,,
2026-08-12T11:40:14+00:00,2026,1,401856667,2026-09-05T19:30:00.000Z,Texas,Texas State,DraftKings,-30.5,-30.5,,,,
2026-08-12T11:40:14+00:00,2026,1,401856667,2026-09-05T19:30:00.000Z,Texas,Texas State,Bovada,-30.5,-30.5,60,59.5,-10000,-100000
2026-08-12T11:40:14+00:00,2026,1,401860878,2026-09-05T22:00:00.000Z,Colorado State,Wyoming,DraftKings,-4,-4,,,,
2026-08-12T11:40:14+00:00,2026,1,401860878,2026-09-05T22:00:00.000Z,Colorado State,Wyoming,Bovada,-3.5,-4,48,47.5,-180,155
2026-08-12T11:40:14+00:00,2026,1,401856668,2026-09-05T23:00:00.000Z,Texas A&M,Missouri State,Bovada,-39.5,-38.5,52.5,52.5,,
2026-08-12T11:40:14+00:00,2026,1,401856668,2026-09-05T23:00:00.000Z,Texas A&M,Missouri State,DraftKings,-38.5,-38.5,,,,
2026-08-12T11:40:14+00:00,2026,1,401862695,2026-09-05T23:00:00.000Z,Memphis,Arkansas State,Bovada,-10,-10.5,55.5,55.5,-440,330
2026-08-12T11:40:14+00:00,2026,1,401862695,2026-09-05T23:00:00.000Z,Memphis,Arkansas State,DraftKings,-10.5,-10.5,,,,
2026-08-12T11:40:14+00:00,2026,1,401870763,2026-09-05T23:00:00.000Z,Troy,Sam Houston,Bovada,-16,-17,51.5,50.5,-1300,725
2026-08-12T11:40:14+00:00,2026,1,401870763,2026-09-05T23:00:00.000Z,Troy,Sam Houston,DraftKings,-16.5,-17.5,,,,
2026-08-12T11:40:14+00:00,2026,1,401856660,2026-09-05T23:30:00.000Z,LSU,Clemson,Bovada,-9.5,-11.5,50.5,51.5,-480,350
2026-08-12T11:40:14+00:00,2026,1,401856660,2026-09-05T23:30:00.000Z,LSU,Clemson,DraftKings,-10.5,,50.5,,-455,350
2026-08-12T11:40:14+00:00,2026,1,401856662,2026-09-05T23:30:00.000Z,Mississippi State,UL Monroe,Bovada,-28.5,-28.5,55.5,55.5,-100000,2000
2026-08-12T11:40:14+00:00,2026,1,401856662,2026-09-05T23:30:00.000Z,Mississippi State,UL Monroe,DraftKings,-28.5,-28.5,,,,
2026-08-12T11:40:14+00:00,2026,1,401856637,2026-09-05T23:45:00.000Z,Florida,Florida Atlantic,Bovada,-26.5,-25.5,58.5,56.5,-7000,1300
2026-08-12T11:40:14+00:00,2026,1,401856637,2026-09-05T23:45:00.000Z,Florida,Florida Atlantic,DraftKings,-25.5,-25.5,,,,
2026-08-12T11:40:14+00:00,2026,1,401864497,2026-09-06T02:00:00.000Z,Hawai'i,UNLV,Bovada,2.5,1.5,58.5,58.5,105,-125
2026-08-12T11:40:14+00:00,2026,1,401864497,2026-09-06T02:00:00.000Z,Hawai'i,UNLV,DraftKings,1.5,1.5,,,,
2026-08-12T11:40:14+00:00,2026,1,401864498,2026-09-06T02:00:00.000Z,New Mexico,Central Michigan,Bovada,-13,-12.5,49,49,-575,400
2026-08-12T11:40:14+00:00,2026,1,401864498,2026-09-06T02:00:00.000Z,New Mexico,Central Michigan,DraftKings,-12.5,-12.5,,,,
2026-08-12T11:40:14+00:00,2026,1,401864432,2026-09-06T02:30:00.000Z,Nevada,Western Kentucky,Bovada,2.5,4,53,53.5,120,-140
2026-08-12T11:40:14+00:00,2026,1,401864432,2026-09-06T02:30:00.000Z,Nevada,Western Kentucky,DraftKings,4,4.5,,,,
2026-08-12T11:40:14+00:00,2026,1,401858437,2026-09-06T20:00:00.000Z,Washington,Washington State,DraftKings,-21.5,-21.5,,,,
2026-08-12T11:40:14+00:00,2026,1,401858437,2026-09-06T20:00:00.000Z,Washington,Washington State,Bovada,-23,-21.5,50.5,50.5,-2200,1000
2026-08-12T11:40:54+00:00,2026,1,401856766,2026-08-29T16:00:00.000Z,TCU,North Carolina,Bovada,-7.5,-7.5,47.5,50.5,-235,195
2026-08-12T11:40:54+00:00,2026,1,401856766,2026-08-29T16:00:00.000Z,TCU,North Carolina,DraftKings,-6.5,,49.5,,-250,205
2026-08-12T11:40:54+00:00,2026,1,401856772,2026-09-05T19:45:00.000Z,Tulsa,Oklahoma State,DraftKings,11.5,11.5,,,,
2026-08-12T11:40:54+00:00,2026,1,401856772,2026-09-05T19:45:00.000Z,Tulsa,Oklahoma State,Bovada,13.5,11.5,61,61.5,390,-550
2026-08-12T11:40:54+00:00,2026,1,401856777,2026-09-05T19:30:00.000Z,Cincinnati,Boston College,DraftKings,-9.5,-9.5,,,,
2026-08-12T11:40:54+00:00,2026,1,401856777,2026-09-05T19:30:00.000Z,Cincinnati,Boston College,Bovada,-7.5,-9.5,54.5,54.5,-270,220
2026-08-12T11:40:54+00:00,2026,1,401856778,2026-09-05T16:00:00.000Z,Houston,Oregon State,Bovada,-20,-18.5,51,51.5,-1300,725
2026-08-12T11:40:54+00:00,2026,1,401856778,2026-09-05T16:00:00.000Z,Houston,Oregon State,DraftKings,-18.5,-18.5,,,,
2026-08-12T11:40:54+00:00,2026,1,401858209,2026-09-05T19:30:00.000Z,Duke,Tulane,DraftKings,-8.5,-8.5,,,,
2026-08-12T11:40:54+00:00,2026,1,401858209,2026-09-05T19:30:00.000Z,Duke,Tulane,Bovada,-9,-8.5,52,53.5,-480,350
2026-08-12T11:40:54+00:00,2026,1,401858210,2026-09-06T02:30:00.000Z,California,UCLA,Bovada,1.5,-3.5,54.5,53.5,-115,-105
2026-08-12T11:40:54+00:00,2026,1,401858210,2026-09-06T02:30:00.000Z,California,UCLA,DraftKings,-1.5,-1.5,53.5,,,
2026-08-12T11:40:54+00:00,2026,1,401858424,2026-09-04T01:00:00.000Z,Illinois,UAB,Bovada,-27.5,-27.5,57,56.5,-100000,2000
2026-08-12T11:40:54+00:00,2026,1,401858424,2026-09-04T01:00:00.000Z,Illinois,UAB,DraftKings,-27.5,-27.5,,,,
2026-08-12T11:40:54+00:00,2026,1,401858425,2026-09-05T16:00:00.000Z,Indiana,North Texas,DraftKings,-40.5,-40.5,,,,
2026-08-12T11:40:54+00:00,2026,1,401858425,2026-09-05T16:00:00.000Z,Indiana,North Texas,Bovada,-41,-40.5,55.5,55.5,,
2026-08-12T11:40:54+00:00,2026,1,401858426,2026-09-05T20:15:00.000Z,Iowa,Northern Illinois,Bovada,-31,-29.5,45.5,43.5,-100000,2500
2026-08-12T11:40:54+00:00,2026,1,401858426,2026-09-05T20:15:00.000Z,Iowa,Northern Illinois,DraftKings,-29.5,-29.5,,,,
2026-08-12T11:40:54+00:00,2026,1,401858428,2026-09-05T23:30:00.000Z,Michigan,Western Michigan,DraftKings,-26.5,-26.5,,,,
2026-08-12T11:40:54+00:00,2026,1,401858428,2026-09-05T23:30:00.000Z,Michigan,Western Michigan,Bovada,-26.5,-26.5,47.5,47.5,-100000,2200
2026-08-12T11:40:54+00:00,2026,1,401858429,2026-09-05T00:00:00.000Z,Michigan State,Toledo,DraftKings,-10.5,-10.5,,,,
2026-08-12T11:40:54+00:00,2026,1,401858429,2026-09-05T00:00:00.000Z,Michigan State,Toledo,Bovada,-10.5,-10.5,49.5,49.5,-410,305
2026-08-12T11:40:54+00:00,2026,1,401858430,2026-09-05T16:00:00.000Z,Nebraska,Ohio,DraftKings,-23.5,-23.5,,,,
2026-08-12T11:40:54+00:00,2026,1,401858430,2026-09-05T16:00:00.000Z,Nebraska,Ohio,Bovada,-24,-23.5,47.5,47.5,-4000,1200
2026-08-12T11:40:54+00:00,2026,1,401858432,2026-09-05T16:30:00.000Z,Ohio State,Ball State,DraftKings,-49.5,-49.5,,,,
2026-08-12T11:40:54+00:00,2026,1,401858432,2026-09-05T16:30:00.000Z,Ohio State,Ball State,Bovada,-51,-50.5,56.5,56.5,,
2026-08-12T11:40:54+00:00,2026,1,401858433,2026-09-05T19:30:00.000Z,Oregon,Boise State,DraftKings,-24.5,-24.5,,,,
2026-08-12T11:40:54+00:00,2026,1,401858433,2026-09-05T19:30:00.000Z,Oregon,Boise State,Bovada,-24.5,-24.5,52,53.5,-10000,1600
2026-08-12T11:40:54+00:00,2026,1,401858434,2026-09-05T19:30:00.000Z,Penn State,Marshall,Bovada,-24.5,-23.5,54.5,54.5,-3300,1100
2026-08-12T11:40:54+00:00,2026,1,401858434,2026-09-05T19:30:00.000Z,Penn State,Marshall,DraftKings,-23.5,-23.5,,,,
2026-08-12T11:40:54+00:00,2026,1,401862699,2026-09-05T23:00:00.000Z,South Florida,Florida International,Bovada,-12.5,-12.5,55,54.5,-460,340
2026-08-12T11:40:54+00:00,2026,1,401862699,2026-09-05T23:00:00.000Z,South Florida,Florida International,DraftKings,-12.5,-12.5,,,,
2026-08-12T11:40:54+00:00,2026,1,401858201,2026-08-29T23:00:00.000Z,Stanford,Hawai'i,DraftKings,-3,-3,,,,
2026-08-12T11:40:54+00:00,2026,1,401858201,2026-08-29T23:00:00.000Z,Stanford,Hawai'i,Bovada,-5.5,-3,49.5,50.5,-170,145
2026-08-12T11:40:54+00:00,2026,1,401862693,2026-08-30T02:00:00.000Z,UNLV,Memphis,DraftKings,-3,-3,,,,
2026-08-12T11:40:54+00:00,2026,1,401862693,2026-08-30T02:00:00.000Z,UNLV,Memphis,Bovada,-5.5,-3,57.5,60.5,-170,145
2026-08-12T11:40:54+00:00,2026,1,401864494,2026-08-29T19:00:00.000Z,USC,San José State,Bovada,-38,-35.5,59.5,57.5,-100000,3500
2026-08-12T11:40:54+00:00,2026,1,401864494,2026-08-29T19:00:00.000Z,USC,San José State,DraftKings,-35.5,-35.5,,,,
2026-08-12T11:40:54+00:00,2026,1,401864570,2026-08-29T23:00:00.000Z,Florida State,New Mexico State,Bovada,-31,-29.5,53,53.5,-100000,2800
2026-08-12T11:40:54+00:00,2026,1,401864570,2026-08-29T23:00:00.000Z,Florida State,New Mexico State,DraftKings,-29.5,-28.5,,,,
2026-08-12T11:40:54+00:00,2026,1,401864577,2026-08-29T21:30:00.000Z,North Dakota State,Jacksonville State,Bovada,-7,-10,47.5,48.5,-330,265
2026-08-12T11:40:54+00:00,2026,1,401864577,2026-08-29T21:30:00.000Z,North Dakota State,Jacksonville State,DraftKings,-10,-10,,,,
2026-08-12T11:40:54+00:00,2026,1,401866408,2026-08-29T22:30:00.000Z,Eastern Michigan,Sacramento State,DraftKings,-8.5,-8.5,,,,
2026-08-12T11:40:54+00:00,2026,1,401866408,2026-08-29T22:30:00.000Z,Eastern Michigan,Sacramento State,Bovada,-8.5,-8.5,52.5,52.5,-330,265
2026-08-12T11:40:54+00:00,2026,1,401858204,2026-09-03T23:00:00.000Z,Wake Forest,Akron,DraftKings,-22.5,-22.5,,,,
2026-08-12T11:40:54+00:00,2026,1,401858204,2026-09-03T23:00:00.000Z,Wake Forest,Akron,Bovada,-22.5,-22.5,49.5,49.5,-3500,1100
2026-08-12T11:40:54+00:00,2026,1,401858423,2026-09-03T22:00:00.000Z,Rutgers,Massachusetts,Bovada,-30.5,-30.5,54.5,54.5,,
2026-08-12T11:40:54+00:00,2026,1,401858423,2026-09-03T22:00:00.000Z,Rutgers,Massachusetts,DraftKings,-30.5,-30.5,,,,
2026-08-12T11:40:54+00:00,2026,1,401858202,2026-08-29T19:30:00.000Z,Virginia,NC State,Bovada,-5.5,-3.5,53,54.5,-145,125
2026-08-12T11:40:54+00:00,2026,1,401858202,2026-08-29T19:30:00.000Z,Virginia,NC State,DraftKings,-3,,53.5,,-135,114
2026-08-12T11:40:54+00:00,2026,1,401858438,2026-09-06T23:30:00.000Z,Notre Dame,Wisconsin,Bovada,-20.5,-16.5,47.5,46.5,-2500,1000
2026-08-12T11:40:54+00:00,2026,1,401858438,2026-09-06T23:30:00.000Z,Notre Dame,Wisconsin,DraftKings,-20.5,,47.5,47.5,-1800,1000
2026-08-12T11:40:54+00:00,2026,1,401856661,2026-09-06T23:30:00.000Z,Ole Miss,Louisville,Bovada,-6.5,-8.5,55.5,52.5,-270,220
2026-08-12T11:40:54+00:00,2026,1,401856661,2026-09-06T23:30:00.000Z,Ole Miss,Louisville,DraftKings,-6.5,,55.5,,-278,225
2026-08-12T11:40:54+00:00,2026,1,401858212,2026-09-07T23:30:00.000Z,Florida State,SMU,DraftKings,2.5,,52.5,,120,-142
2026-08-12T11:40:54+00:00,2026,1,401858212,2026-09-07T23:30:00.000Z,Florida State,SMU,Bovada,2.5,2.5,53.5,52.5,120,-140
2026-08-12T11:40:54+00:00,2026,1,401856776,2026-09-04T00:00:00.000Z,Georgia Tech,Colorado,DraftKings,-7,-7,,,,
2026-08-12T11:40:54+00:00,2026,1,401856776,2026-09-04T00:00:00.000Z,Georgia Tech,Colorado,Bovada,-7,-7,51,51.5,-290,240
2026-08-12T11:40:54+00:00,2026,1,401858436,2026-09-05T01:00:00.000Z,USC,Fresno State,DraftKings,-23.5,-23.5,,,,
2026-08-12T11:40:54+00:00,2026,1,401858436,2026-09-05T01:00:00.000Z,USC,Fresno State,Bovada,-22.5,-23,51.5,51.5,-3500,-100000
2026-08-12T11:40:54+00:00,2026,1,401864495,2026-09-04T22:30:00.000Z,Eastern Michigan,San José State,DraftKings,-3.5,-3.5,,,,
2026-08-12T11:40:54+00:00,2026,1,401864495,2026-09-04T22:30:00.000Z,Eastern Michigan,San José State,Bovada,-4.5,-3.5,53.5,53.5,-160,135
2026-08-12T11:40:54+00:00,2026,1,401858206,2026-09-05T01:00:00.000Z,Stanford,Miami,DraftKings,21.5,21.5,,,,
2026-08-12T11:40:54+00:00,2026,1,401858206,2026-09-05T01:00:00.000Z,Stanford,Miami,Bovada,23.5,21.5,49.5,48.5,-100000,-2500
2026-08-12T11:40:54+00:00,2026,1,401856636,2026-09-05T19:30:00.000Z,Auburn,Baylor,DraftKings,-6.5,-6.5,59.5,,-285,230
2026-08-12T11:40:54+00:00,2026,1,401856636,2026-09-05T19:30:00.000Z,Auburn,Baylor,Bovada,-7,-7.5,59,58.5,-270,220
2026-08-12T11:40:54+00:00,2026,1,401856664,2026-09-05T00:00:00.000Z,Oklahoma,UTEP,Bovada,-40.5,-40.5,50.5,50.5,,
2026-08-12T11:40:54+00:00,2026,1,401856664,2026-09-05T00:00:00.000Z,Oklahoma,UTEP,DraftKings,-40.5,-40.5,,,,
2026-08-12T11:40:54+00:00,2026,1,401856634,2026-09-05T16:00:00.000Z,Alabama,East Carolina,DraftKings,-25.5,-25.5,,,,
2026-08-12T11:40:54+00:00,2026,1,401856634,2026-09-05T16:00:00.000Z,Alabama,East Carolina,Bovada,-28.5,-25.5,54,53.5,-10000,1600
2026-08-12T11:40:54+00:00,2026,1,401856780,2026-09-05T16:00:00.000Z,West Virginia,Coastal Carolina,Bovada,-21.5,-17.5,58,57.5,-1725,-100000
2026-08-12T11:40:54+00:00,2026,1,401856780,2026-09-05T16:00:00.000Z,West Virginia,Coastal Carolina,DraftKings,-17.5,-17.5,,,,
2026-08-12T11:40:54+00:00,2026,1,401858207,2026-09-05T16:00:00.000Z,Pittsburgh,Miami (OH),Bovada,-16.5,-16.5,50.5,50.5,-800,525
2026-08-12T11:40:54+00:00,2026,1,401858207,2026-09-05T16:00:00.000Z,Pittsburgh,Miami (OH),DraftKings,-16.5,-16.5,,,,
2026-08-12T11:40:54+00:00,2026,1,401869960,2026-09-05T16:00:00.000Z,James Madison,Liberty,DraftKings,-6,-6,,,,
2026-08-12T11:40:54+00:00,2026,1,401869960,2026-09-05T16:00:00.000Z,James Madison,Liberty,Bovada,-6.5,-6,51.5,50.5,-250,210
2026-08-12T11:40:54+00:00,2026,1,401856665,2026-09-05T16:45:00.000Z,South Carolina,Kent State,Bovada,-36.5,-34.5,53,52.5,-100000,-100000
2026-08-12T11:40:54+00:00,2026,1,401856665,2026-09-05T16:45:00.000Z,South Carolina,Kent State,DraftKings,-34.5,-33.5,,,,
2026-08-12T11:40:54+00:00,2026,1,401856667,2026-09-05T19:30:00.000Z,Texas,Texas State,DraftKings,-30.5,-30.5,,,,
2026-08-12T11:40:54+00:00,2026,1,401856667,2026-09-05T19:30:00.000Z,Texas,Texas State,Bovada,-30.5,-30.5,60,59.5,-10000,-100000
2026-08-12T11:40:54+00:00,2026,1,401860878,2026-09-05T22:00:00.000Z,Colorado State,Wyoming,DraftKings,-4,-4,,,,
2026-08-12T11:40:54+00:00,2026,1,401860878,2026-09-05T22:00:00.000Z,Colorado State,Wyoming,Bovada,-3.5,-4,48,47.5,-180,155
2026-08-12T11:40:54+00:00,2026,1,401856668,2026-09-05T23:00:00.000Z,Texas A&M,Missouri State,Bovada,-39.5,-38.5,52.5,52.5,,
2026-08-12T11:40:54+00:00,2026,1,401856668,2026-09-05T23:00:00.000Z,Texas A&M,Missouri State,DraftKings,-38.5,-38.5,,,,
2026-08-12T11:40:54+00:00,2026,1,401862695,2026-09-05T23:00:00.000Z,Memphis,Arkansas State,Bovada,-10,-10.5,55.5,55.5,-440,330
2026-08-12T11:40:54+00:00,2026,1,401862695,2026-09-05T23:00:00.000Z,Memphis,Arkansas State,DraftKings,-10.5,-10.5,,,,
2026-08-12T11:40:54+00:00,2026,1,401870763,2026-09-05T23:00:00.000Z,Troy,Sam Houston,Bovada,-16,-17,51.5,50.5,-1300,725
2026-08-12T11:40:54+00:00,2026,1,401870763,2026-09-05T23:00:00.000Z,Troy,Sam Houston,DraftKings,-16.5,-17.5,,,,
2026-08-12T11:40:54+00:00,2026,1,401856660,2026-09-05T23:30:00.000Z,LSU,Clemson,Bovada,-9.5,-11.5,50.5,51.5,-480,350
2026-08-12T11:40:54+00:00,2026,1,401856660,2026-09-05T23:30:00.000Z,LSU,Clemson,DraftKings,-10.5,,50.5,,-455,350
2026-08-12T11:40:54+00:00,2026,1,401856662,2026-09-05T23:30:00.000Z,Mississippi State,UL Monroe,Bovada,-28.5,-28.5,55.5,55.5,-100000,2000
2026-08-12T11:40:54+00:00,2026,1,401856662,2026-09-05T23:30:00.000Z,Mississippi State,UL Monroe,DraftKings,-28.5,-28.5,,,,
2026-08-12T11:40:54+00:00,2026,1,401856637,2026-09-05T23:45:00.000Z,Florida,Florida Atlantic,Bovada,-26.5,-25.5,58.5,56.5,-7000,1300
2026-08-12T11:40:54+00:00,2026,1,401856637,2026-09-05T23:45:00.000Z,Florida,Florida Atlantic,DraftKings,-25.5,-25.5,,,,
2026-08-12T11:40:54+00:00,2026,1,401864497,2026-09-06T02:00:00.000Z,Hawai'i,UNLV,Bovada,2.5,1.5,58.5,58.5,105,-125
2026-08-12T11:40:54+00:00,2026,1,401864497,2026-09-06T02:00:00.000Z,Hawai'i,UNLV,DraftKings,1.5,1.5,,,,
2026-08-12T11:40:54+00:00,2026,1,401864498,2026-09-06T02:00:00.000Z,New Mexico,Central Michigan,Bovada,-13,-12.5,49,49,-575,400
2026-08-12T11:40:54+00:00,2026,1,401864498,2026-09-06T02:00:00.000Z,New Mexico,Central Michigan,DraftKings,-12.5,-12.5,,,,
2026-08-12T11:40:54+00:00,2026,1,401864432,2026-09-06T02:30:00.000Z,Nevada,Western Kentucky,Bovada,2.5,4,53,53.5,120,-140
2026-08-12T11:40:54+00:00,2026,1,401864432,2026-09-06T02:30:00.000Z,Nevada,Western Kentucky,DraftKings,4,4.5,,,,
2026-08-12T11:40:54+00:00,2026,1,401858437,2026-09-06T20:00:00.000Z,Washington,Washington State,DraftKings,-21.5,-21.5,,,,
2026-08-12T11:40:54+00:00,2026,1,401858437,2026-09-06T20:00:00.000Z,Washington,Washington State,Bovada,-23,-21.5,50.5,50.5,-2200,1000
2026-08-12T11:42:41+00:00,2026,1,401856766,2026-08-29T16:00:00.000Z,TCU,North Carolina,Bovada,-7.5,-7.5,47.5,50.5,-235,195
2026-08-12T11:42:41+00:00,2026,1,401856766,2026-08-29T16:00:00.000Z,TCU,North Carolina,DraftKings,-6.5,,49.5,,-250,205
2026-08-12T11:42:41+00:00,2026,1,401856772,2026-09-05T19:45:00.000Z,Tulsa,Oklahoma State,DraftKings,11.5,11.5,,,,
2026-08-12T11:42:41+00:00,2026,1,401856772,2026-09-05T19:45:00.000Z,Tulsa,Oklahoma State,Bovada,13.5,11.5,61,61.5,390,-550
2026-08-12T11:42:41+00:00,2026,1,401856777,2026-09-05T19:30:00.000Z,Cincinnati,Boston College,DraftKings,-9.5,-9.5,,,,
2026-08-12T11:42:41+00:00,2026,1,401856777,2026-09-05T19:30:00.000Z,Cincinnati,Boston College,Bovada,-7.5,-9.5,54.5,54.5,-270,220
2026-08-12T11:42:41+00:00,2026,1,401856778,2026-09-05T16:00:00.000Z,Houston,Oregon State,Bovada,-20,-18.5,51,51.5,-1300,725
2026-08-12T11:42:41+00:00,2026,1,401856778,2026-09-05T16:00:00.000Z,Houston,Oregon State,DraftKings,-18.5,-18.5,,,,
2026-08-12T11:42:41+00:00,2026,1,401858209,2026-09-05T19:30:00.000Z,Duke,Tulane,DraftKings,-8.5,-8.5,,,,
2026-08-12T11:42:41+00:00,2026,1,401858209,2026-09-05T19:30:00.000Z,Duke,Tulane,Bovada,-9,-8.5,52,53.5,-480,350
2026-08-12T11:42:41+00:00,2026,1,401858210,2026-09-06T02:30:00.000Z,California,UCLA,Bovada,1.5,-3.5,54.5,53.5,-115,-105
2026-08-12T11:42:41+00:00,2026,1,401858210,2026-09-06T02:30:00.000Z,California,UCLA,DraftKings,-1.5,-1.5,53.5,,,
2026-08-12T11:42:41+00:00,2026,1,401858424,2026-09-04T01:00:00.000Z,Illinois,UAB,Bovada,-27.5,-27.5,57,56.5,-100000,2000
2026-08-12T11:42:41+00:00,2026,1,401858424,2026-09-04T01:00:00.000Z,Illinois,UAB,DraftKings,-27.5,-27.5,,,,
2026-08-12T11:42:41+00:00,2026,1,401858425,2026-09-05T16:00:00.000Z,Indiana,North Texas,DraftKings,-40.5,-40.5,,,,
2026-08-12T11:42:41+00:00,2026,1,401858425,2026-09-05T16:00:00.000Z,Indiana,North Texas,Bovada,-41,-40.5,55.5,55.5,,
2026-08-12T11:42:41+00:00,2026,1,401858426,2026-09-05T20:15:00.000Z,Iowa,Northern Illinois,Bovada,-31,-29.5,45.5,43.5,-100000,2500
2026-08-12T11:42:41+00:00,2026,1,401858426,2026-09-05T20:15:00.000Z,Iowa,Northern Illinois,DraftKings,-29.5,-29.5,,,,
2026-08-12T11:42:41+00:00,2026,1,401858428,2026-09-05T23:30:00.000Z,Michigan,Western Michigan,DraftKings,-26.5,-26.5,,,,
2026-08-12T11:42:41+00:00,2026,1,401858428,2026-09-05T23:30:00.000Z,Michigan,Western Michigan,Bovada,-26.5,-26.5,47.5,47.5,-100000,2200
2026-08-12T11:42:41+00:00,2026,1,401858429,2026-09-05T00:00:00.000Z,Michigan State,Toledo,DraftKings,-10.5,-10.5,,,,
2026-08-12T11:42:41+00:00,2026,1,401858429,2026-09-05T00:00:00.000Z,Michigan State,Toledo,Bovada,-10.5,-10.5,49.5,49.5,-410,305
2026-08-12T11:42:41+00:00,2026,1,401858430,2026-09-05T16:00:00.000Z,Nebraska,Ohio,DraftKings,-23.5,-23.5,,,,
2026-08-12T11:42:41+00:00,2026,1,401858430,2026-09-05T16:00:00.000Z,Nebraska,Ohio,Bovada,-24,-23.5,47.5,47.5,-4000,1200
2026-08-12T11:42:41+00:00,2026,1,401858432,2026-09-05T16:30:00.000Z,Ohio State,Ball State,DraftKings,-49.5,-49.5,,,,
2026-08-12T11:42:41+00:00,2026,1,401858432,2026-09-05T16:30:00.000Z,Ohio State,Ball State,Bovada,-51,-50.5,56.5,56.5,,
2026-08-12T11:42:41+00:00,2026,1,401858433,2026-09-05T19:30:00.000Z,Oregon,Boise State,DraftKings,-24.5,-24.5,,,,
2026-08-12T11:42:41+00:00,2026,1,401858433,2026-09-05T19:30:00.000Z,Oregon,Boise State,Bovada,-24.5,-24.5,52,53.5,-10000,1600
2026-08-12T11:42:41+00:00,2026,1,401858434,2026-09-05T19:30:00.000Z,Penn State,Marshall,Bovada,-24.5,-23.5,54.5,54.5,-3300,1100
2026-08-12T11:42:41+00:00,2026,1,401858434,2026-09-05T19:30:00.000Z,Penn State,Marshall,DraftKings,-23.5,-23.5,,,,
2026-08-12T11:42:41+00:00,2026,1,401862699,2026-09-05T23:00:00.000Z,South Florida,Florida International,Bovada,-12.5,-12.5,55,54.5,-460,340
2026-08-12T11:42:41+00:00,2026,1,401862699,2026-09-05T23:00:00.000Z,South Florida,Florida International,DraftKings,-12.5,-12.5,,,,
2026-08-12T11:42:41+00:00,2026,1,401858201,2026-08-29T23:00:00.000Z,Stanford,Hawai'i,DraftKings,-3,-3,,,,
2026-08-12T11:42:41+00:00,2026,1,401858201,2026-08-29T23:00:00.000Z,Stanford,Hawai'i,Bovada,-5.5,-3,49.5,50.5,-170,145
2026-08-12T11:42:41+00:00,2026,1,401862693,2026-08-30T02:00:00.000Z,UNLV,Memphis,DraftKings,-3,-3,,,,
2026-08-12T11:42:41+00:00,2026,1,401862693,2026-08-30T02:00:00.000Z,UNLV,Memphis,Bovada,-5.5,-3,57.5,60.5,-170,145
2026-08-12T11:42:41+00:00,2026,1,401864494,2026-08-29T19:00:00.000Z,USC,San José State,Bovada,-38,-35.5,59.5,57.5,-100000,3500
2026-08-12T11:42:41+00:00,2026,1,401864494,2026-08-29T19:00:00.000Z,USC,San José State,DraftKings,-35.5,-35.5,,,,
2026-08-12T11:42:41+00:00,2026,1,401864570,2026-08-29T23:00:00.000Z,Florida State,New Mexico State,Bovada,-31,-29.5,53,53.5,-100000,2800
2026-08-12T11:42:41+00:00,2026,1,401864570,2026-08-29T23:00:00.000Z,Florida State,New Mexico State,DraftKings,-29.5,-28.5,,,,
2026-08-12T11:42:41+00:00,2026,1,401864577,2026-08-29T21:30:00.000Z,North Dakota State,Jacksonville State,Bovada,-7,-10,47.5,48.5,-330,265
2026-08-12T11:42:41+00:00,2026,1,401864577,2026-08-29T21:30:00.000Z,North Dakota State,Jacksonville State,DraftKings,-10,-10,,,,
2026-08-12T11:42:41+00:00,2026,1,401866408,2026-08-29T22:30:00.000Z,Eastern Michigan,Sacramento State,DraftKings,-8.5,-8.5,,,,
2026-08-12T11:42:41+00:00,2026,1,401866408,2026-08-29T22:30:00.000Z,Eastern Michigan,Sacramento State,Bovada,-8.5,-8.5,52.5,52.5,-330,265
2026-08-12T11:42:41+00:00,2026,1,401858204,2026-09-03T23:00:00.000Z,Wake Forest,Akron,DraftKings,-22.5,-22.5,,,,
2026-08-12T11:42:41+00:00,2026,1,401858204,2026-09-03T23:00:00.000Z,Wake Forest,Akron,Bovada,-22.5,-22.5,49.5,49.5,-3500,1100
2026-08-12T11:42:41+00:00,2026,1,401858423,2026-09-03T22:00:00.000Z,Rutgers,Massachusetts,Bovada,-30.5,-30.5,54.5,54.5,,
2026-08-12T11:42:41+00:00,2026,1,401858423,2026-09-03T22:00:00.000Z,Rutgers,Massachusetts,DraftKings,-30.5,-30.5,,,,
2026-08-12T11:42:41+00:00,2026,1,401858202,2026-08-29T19:30:00.000Z,Virginia,NC State,Bovada,-5.5,-3.5,53,54.5,-145,125
2026-08-12T11:42:41+00:00,2026,1,401858202,2026-08-29T19:30:00.000Z,Virginia,NC State,DraftKings,-3,,53.5,,-135,114
2026-08-12T11:42:41+00:00,2026,1,401858438,2026-09-06T23:30:00.000Z,Notre Dame,Wisconsin,Bovada,-20.5,-16.5,47.5,46.5,-2500,1000
2026-08-12T11:42:41+00:00,2026,1,401858438,2026-09-06T23:30:00.000Z,Notre Dame,Wisconsin,DraftKings,-20.5,,47.5,47.5,-1800,1000
2026-08-12T11:42:41+00:00,2026,1,401856661,2026-09-06T23:30:00.000Z,Ole Miss,Louisville,Bovada,-6.5,-8.5,55.5,52.5,-270,220
2026-08-12T11:42:41+00:00,2026,1,401856661,2026-09-06T23:30:00.000Z,Ole Miss,Louisville,DraftKings,-6.5,,55.5,,-278,225
2026-08-12T11:42:41+00:00,2026,1,401858212,2026-09-07T23:30:00.000Z,Florida State,SMU,DraftKings,2.5,,52.5,,120,-142
2026-08-12T11:42:41+00:00,2026,1,401858212,2026-09-07T23:30:00.000Z,Florida State,SMU,Bovada,2.5,2.5,53.5,52.5,120,-140
2026-08-12T11:42:41+00:00,2026,1,401856776,2026-09-04T00:00:00.000Z,Georgia Tech,Colorado,DraftKings,-7,-7,,,,
2026-08-12T11:42:41+00:00,2026,1,401856776,2026-09-04T00:00:00.000Z,Georgia Tech,Colorado,Bovada,-7,-7,51,51.5,-290,240
2026-08-12T11:42:41+00:00,2026,1,401858436,2026-09-05T01:00:00.000Z,USC,Fresno State,DraftKings,-23.5,-23.5,,,,
2026-08-12T11:42:41+00:00,2026,1,401858436,2026-09-05T01:00:00.000Z,USC,Fresno State,Bovada,-22.5,-23,51.5,51.5,-3500,-100000
2026-08-12T11:42:41+00:00,2026,1,401864495,2026-09-04T22:30:00.000Z,Eastern Michigan,San José State,DraftKings,-3.5,-3.5,,,,
2026-08-12T11:42:41+00:00,2026,1,401864495,2026-09-04T22:30:00.000Z,Eastern Michigan,San José State,Bovada,-4.5,-3.5,53.5,53.5,-160,135
2026-08-12T11:42:41+00:00,2026,1,401858206,2026-09-05T01:00:00.000Z,Stanford,Miami,DraftKings,21.5,21.5,,,,
2026-08-12T11:42:41+00:00,2026,1,401858206,2026-09-05T01:00:00.000Z,Stanford,Miami,Bovada,23.5,21.5,49.5,48.5,-100000,-2500
2026-08-12T11:42:41+00:00,2026,1,401856636,2026-09-05T19:30:00.000Z,Auburn,Baylor,DraftKings,-6.5,-6.5,59.5,,-285,230
2026-08-12T11:42:41+00:00,2026,1,401856636,2026-09-05T19:30:00.000Z,Auburn,Baylor,Bovada,-7,-7.5,59,58.5,-270,220
2026-08-12T11:42:41+00:00,2026,1,401856664,2026-09-05T00:00:00.000Z,Oklahoma,UTEP,Bovada,-40.5,-40.5,50.5,50.5,,
2026-08-12T11:42:41+00:00,2026,1,401856664,2026-09-05T00:00:00.000Z,Oklahoma,UTEP,DraftKings,-40.5,-40.5,,,,
2026-08-12T11:42:41+00:00,2026,1,401856634,2026-09-05T16:00:00.000Z,Alabama,East Carolina,DraftKings,-25.5,-25.5,,,,
2026-08-12T11:42:41+00:00,2026,1,401856634,2026-09-05T16:00:00.000Z,Alabama,East Carolina,Bovada,-28.5,-25.5,54,53.5,-10000,1600
2026-08-12T11:42:41+00:00,2026,1,401856780,2026-09-05T16:00:00.000Z,West Virginia,Coastal Carolina,Bovada,-21.5,-17.5,58,57.5,-1725,-100000
2026-08-12T11:42:41+00:00,2026,1,401856780,2026-09-05T16:00:00.000Z,West Virginia,Coastal Carolina,DraftKings,-17.5,-17.5,,,,
2026-08-12T11:42:41+00:00,2026,1,401858207,2026-09-05T16:00:00.000Z,Pittsburgh,Miami (OH),Bovada,-16.5,-16.5,50.5,50.5,-800,525
2026-08-12T11:42:41+00:00,2026,1,401858207,2026-09-05T16:00:00.000Z,Pittsburgh,Miami (OH),DraftKings,-16.5,-16.5,,,,
2026-08-12T11:42:41+00:00,2026,1,401869960,2026-09-05T16:00:00.000Z,James Madison,Liberty,DraftKings,-6,-6,,,,
2026-08-12T11:42:41+00:00,2026,1,401869960,2026-09-05T16:00:00.000Z,James Madison,Liberty,Bovada,-6.5,-6,51.5,50.5,-250,210
2026-08-12T11:42:41+00:00,2026,1,401856665,2026-09-05T16:45:00.000Z,South Carolina,Kent State,Bovada,-36.5,-34.5,53,52.5,-100000,-100000
2026-08-12T11:42:41+00:00,2026,1,401856665,2026-09-05T16:45:00.000Z,South Carolina,Kent State,DraftKings,-34.5,-33.5,,,,
2026-08-12T11:42:41+00:00,2026,1,401856667,2026-09-05T19:30:00.000Z,Texas,Texas State,DraftKings,-30.5,-30.5,,,,
2026-08-12T11:42:41+00:00,2026,1,401856667,2026-09-05T19:30:00.000Z,Texas,Texas State,Bovada,-30.5,-30.5,60,59.5,-10000,-100000
2026-08-12T11:42:41+00:00,2026,1,401860878,2026-09-05T22:00:00.000Z,Colorado State,Wyoming,DraftKings,-4,-4,,,,
2026-08-12T11:42:41+00:00,2026,1,401860878,2026-09-05T22:00:00.000Z,Colorado State,Wyoming,Bovada,-3.5,-4,48,47.5,-180,155
2026-08-12T11:42:41+00:00,2026,1,401856668,2026-09-05T23:00:00.000Z,Texas A&M,Missouri State,Bovada,-39.5,-38.5,52.5,52.5,,
2026-08-12T11:42:41+00:00,2026,1,401856668,2026-09-05T23:00:00.000Z,Texas A&M,Missouri State,DraftKings,-38.5,-38.5,,,,
2026-08-12T11:42:41+00:00,2026,1,401862695,2026-09-05T23:00:00.000Z,Memphis,Arkansas State,Bovada,-10,-10.5,55.5,55.5,-440,330
2026-08-12T11:42:41+00:00,2026,1,401862695,2026-09-05T23:00:00.000Z,Memphis,Arkansas State,DraftKings,-10.5,-10.5,,,,
2026-08-12T11:42:41+00:00,2026,1,401870763,2026-09-05T23:00:00.000Z,Troy,Sam Houston,Bovada,-16,-17,51.5,50.5,-1300,725
2026-08-12T11:42:41+00:00,2026,1,401870763,2026-09-05T23:00:00.000Z,Troy,Sam Houston,DraftKings,-16.5,-17.5,,,,
2026-08-12T11:42:41+00:00,2026,1,401856660,2026-09-05T23:30:00.000Z,LSU,Clemson,Bovada,-9.5,-11.5,50.5,51.5,-480,350
2026-08-12T11:42:41+00:00,2026,1,401856660,2026-09-05T23:30:00.000Z,LSU,Clemson,DraftKings,-10.5,,50.5,,-455,350
2026-08-12T11:42:41+00:00,2026,1,401856662,2026-09-05T23:30:00.000Z,Mississippi State,UL Monroe,Bovada,-28.5,-28.5,55.5,55.5,-100000,2000
2026-08-12T11:42:41+00:00,2026,1,401856662,2026-09-05T23:30:00.000Z,Mississippi State,UL Monroe,DraftKings,-28.5,-28.5,,,,
2026-08-12T11:42:41+00:00,2026,1,401856637,2026-09-05T23:45:00.000Z,Florida,Florida Atlantic,Bovada,-26.5,-25.5,58.5,56.5,-7000,1300
2026-08-12T11:42:41+00:00,2026,1,401856637,2026-09-05T23:45:00.000Z,Florida,Florida Atlantic,DraftKings,-25.5,-25.5,,,,
2026-08-12T11:42:41+00:00,2026,1,401864497,2026-09-06T02:00:00.000Z,Hawai'i,UNLV,Bovada,2.5,1.5,58.5,58.5,105,-125
2026-08-12T11:42:41+00:00,2026,1,401864497,2026-09-06T02:00:00.000Z,Hawai'i,UNLV,DraftKings,1.5,1.5,,,,
2026-08-12T11:42:41+00:00,2026,1,401864498,2026-09-06T02:00:00.000Z,New Mexico,Central Michigan,Bovada,-13,-12.5,49,49,-575,400
2026-08-12T11:42:41+00:00,2026,1,401864498,2026-09-06T02:00:00.000Z,New Mexico,Central Michigan,DraftKings,-12.5,-12.5,,,,
2026-08-12T11:42:41+00:00,2026,1,401864432,2026-09-06T02:30:00.000Z,Nevada,Western Kentucky,Bovada,2.5,4,53,53.5,120,-140
2026-08-12T11:42:41+00:00,2026,1,401864432,2026-09-06T02:30:00.000Z,Nevada,Western Kentucky,DraftKings,4,4.5,,,,
2026-08-12T11:42:41+00:00,2026,1,401858437,2026-09-06T20:00:00.000Z,Washington,Washington State,DraftKings,-21.5,-21.5,,,,
2026-08-12T11:42:41+00:00,2026,1,401858437,2026-09-06T20:00:00.000Z,Washington,Washington State,Bovada,-23,-21.5,50.5,50.5,-2200,1000
