year,week,game_id,date,away,home,model_pick,model_margin_signed,actual_winner,actual_margin,away_pts,home_pts,correct_pick,margin_error,market_home_margin,ats_result,model_ats_side,model_side_covered,model_total,market_total,actual_total,total_error_model,ou_result_model,model_ou_side,ou_result_market,model_ou_covered,edge_vs_market,rule_home_3plus
2026,1,401864494,2026-08-29,San José State,USC,USC,39.0,USC,16,26,42,True,23.0,37.5,away_covered,USC,False,53.7,61.5,68,14.3,over,under,over,False,1.5,False
2026,1,401864570,2026-08-29,New Mexico State,Florida State,Florida State,29.8,Florida State,17,17,34,True,12.8,31.0,away_covered,New Mexico State,True,51.9,53.5,51,0.9,under,under,under,True,-1.2,False
2026,1,401866408,2026-08-29,Sacramento State,Eastern Michigan,Eastern Michigan,8.5,Eastern Michigan,11,17,28,True,2.5,9.0,home_covered,Sacramento State,False,52.4,52.5,45,7.4,under,under,under,True,-0.5,False
2026,1,401856766,2026-08-29,North Carolina,TCU,TCU,7.7,North Carolina,-5,15,10,False,12.7,7.5,away_covered,TCU,False,51.5,46.5,25,26.5,under,over,under,False,0.2,False
2026,1,401858202,2026-08-29,NC State,Virginia,Virginia,5.6,Virginia,26,8,34,True,20.4,4.0,home_covered,Virginia,True,52.2,50.5,42,10.2,under,over,under,False,1.6,False
2026,1,401864577,2026-08-29,Jacksonville State,North Dakota State,North Dakota State,4.3,North Dakota State,26,7,33,True,21.7,6.5,home_covered,Jacksonville State,False,53.1,46.5,40,13.1,under,over,under,False,-2.2,False
2026,1,401858201,2026-08-29,Hawai'i,Stanford,Stanford,1.4,Stanford,10,27,37,True,8.6,4.5,home_covered,Hawai'i,False,52.1,48.5,64,11.9,over,over,over,True,-3.1,False
2026,1,401862693,2026-08-30,Memphis,UNLV,UNLV,4.9,Memphis,-6,27,21,False,10.9,4.5,away_covered,UNLV,False,55.2,55.5,48,7.2,under,under,under,True,0.4,False
2026,1,401858423,2026-09-03,Massachusetts,Rutgers,Rutgers,33.5,Massachusetts,-16,37,21,False,49.5,29.5,away_covered,Rutgers,False,53.4,54.5,58,4.6,over,under,over,False,4.0,True
2026,1,401858204,2026-09-03,Akron,Wake Forest,Wake Forest,20.9,Wake Forest,22,16,38,True,1.1,27.5,away_covered,Akron,True,49.7,50.5,54,4.3,over,under,over,False,-6.6,False
2026,1,401858424,2026-09-04,UAB,Illinois,Illinois,27.0,Illinois,19,23,42,True,8.0,25.5,away_covered,Illinois,False,54.1,54.5,65,10.9,over,under,over,False,1.5,False
2026,1,401856776,2026-09-04,Colorado,Georgia Tech,Georgia Tech,10.2,Colorado,-1,14,13,False,11.2,6.5,away_covered,Georgia Tech,False,52.4,53.5,27,25.4,under,under,under,True,3.7,True
2026,1,401864495,2026-09-04,San José State,Eastern Michigan,Eastern Michigan,8.8,San José State,-6,27,21,False,14.8,1.5,away_covered,Eastern Michigan,False,52.3,55.0,48,4.3,under,under,under,True,7.3,True
2026,1,401858432,2026-09-05,Ball State,Ohio State,Ohio State,53.7,Ohio State,53,3,56,True,0.7,50.5,home_covered,Ohio State,True,51.4,55.5,59,7.6,over,under,over,False,3.2,True
2026,1,401856664,2026-09-05,UTEP,Oklahoma,Oklahoma,39.0,Oklahoma,51,0,51,True,12.0,40.5,home_covered,UTEP,False,50.9,51.5,51,0.1,over,under,under,True,-1.5,False
2026,1,401856668,2026-09-05,Missouri State,Texas A&M,Texas A&M,38.2,Texas A&M,50,0,50,True,11.8,38.5,home_covered,Missouri State,False,52.8,53.5,50,2.8,under,under,under,True,-0.3,False
2026,1,401856665,2026-09-05,Kent State,South Carolina,South Carolina,33.2,South Carolina,57,0,57,True,23.8,35.5,home_covered,Kent State,False,51.7,53.5,57,5.3,over,under,over,False,-2.3,False
2026,1,401858426,2026-09-05,Northern Illinois,Iowa,Iowa,33.0,Iowa,40,0,40,True,7.0,31.5,home_covered,Iowa,True,50.4,44.5,40,10.4,under,over,under,False,1.5,False
2026,1,401858425,2026-09-05,North Texas,Indiana,Indiana,32.0,Indiana,36,16,52,True,4.0,39.5,away_covered,North Texas,True,53.6,56.5,68,14.4,over,under,over,False,-7.5,False
2026,1,401856662,2026-09-05,UL Monroe,Mississippi State,Mississippi State,27.1,Mississippi State,49,13,62,True,21.9,28.5,home_covered,UL Monroe,False,53.5,54.5,75,21.5,over,under,over,False,-1.4,False
2026,1,401856667,2026-09-05,Texas State,Texas,Texas,25.4,Texas,52,7,59,True,26.6,29.5,home_covered,Texas State,False,55.9,60.5,66,10.1,over,under,over,False,-4.1,False
2026,1,401856778,2026-09-05,Oregon State,Houston,Houston,23.2,Houston,13,20,33,True,10.2,21.0,away_covered,Houston,False,52.0,50.5,53,1.0,over,over,over,True,2.2,False
2026,1,401858433,2026-09-05,Boise State,Oregon,Oregon,22.9,Oregon,7,27,34,True,15.9,24.5,away_covered,Boise State,True,52.9,52.5,61,8.1,over,over,over,True,-1.6,False
2026,1,401858206,2026-09-05,Miami,Stanford,Miami,-22.6,Miami,-39,45,6,True,16.4,-24.5,away_covered,Stanford,False,50.7,46.5,51,0.3,over,over,over,True,1.9,False
2026,1,401856637,2026-09-05,Florida Atlantic,Florida,Florida,21.6,Florida,45,21,66,True,23.4,26.5,home_covered,Florida Atlantic,False,53.3,59.5,87,33.7,over,under,over,False,-4.9,False
2026,1,401856634,2026-09-05,East Carolina,Alabama,Alabama,21.4,Alabama,38,10,48,True,16.6,28.0,home_covered,East Carolina,False,50.6,52.5,58,7.4,over,under,over,False,-6.6,False
2026,1,401858434,2026-09-05,Marshall,Penn State,Penn State,20.7,Penn State,45,0,45,True,24.3,23.5,home_covered,Marshall,False,54.8,53.5,45,9.8,under,over,under,False,-2.8,False
2026,1,401858436,2026-09-05,Fresno State,USC,USC,20.5,USC,39,0,39,True,18.5,21.5,home_covered,Fresno State,False,52.1,51.5,39,13.1,under,over,under,False,-1.0,False
2026,1,401858428,2026-09-05,Western Michigan,Michigan,Michigan,20.1,Michigan,1,12,13,True,19.1,27.5,away_covered,Western Michigan,True,50.5,49.5,25,25.5,under,over,under,False,-7.4,False
2026,1,401858430,2026-09-05,Ohio,Nebraska,Nebraska,18.7,Nebraska,28,21,49,True,9.3,23.5,home_covered,Ohio,False,49.8,47.5,70,20.2,over,over,over,True,-4.8,False
2026,1,401870763,2026-09-05,Sam Houston,Troy,Troy,17.8,Troy,3,21,24,True,14.8,16.5,away_covered,Troy,False,53.2,52.5,45,8.2,under,over,under,False,1.3,False
2026,1,401858207,2026-09-05,Miami (OH),Pittsburgh,Pittsburgh,16.9,Pittsburgh,45,14,59,True,28.1,16.5,home_covered,Pittsburgh,True,51.0,47.5,73,22.0,over,over,over,True,0.4,False
2026,1,401856780,2026-09-05,Coastal Carolina,West Virginia,West Virginia,16.4,West Virginia,7,24,31,True,9.4,21.0,away_covered,Coastal Carolina,True,53.2,54.5,55,1.8,over,under,over,False,-4.6,False
2026,1,401862699,2026-09-05,Florida International,South Florida,South Florida,15.2,South Florida,10,9,19,True,5.2,14.5,away_covered,South Florida,False,54.5,53.5,28,26.5,under,over,under,False,0.7,False
2026,1,401869960,2026-09-05,Liberty,James Madison,James Madison,11.3,James Madison,7,13,20,True,4.3,6.0,home_covered,James Madison,True,53.5,50.5,33,20.5,under,over,under,False,5.3,True
2026,1,401862695,2026-09-05,Arkansas State,Memphis,Memphis,10.5,Memphis,18,24,42,True,7.5,10.5,home_covered,,,54.5,52.5,66,11.5,over,over,over,True,0.0,False
2026,1,401856777,2026-09-05,Boston College,Cincinnati,Cincinnati,10.2,Cincinnati,19,15,34,True,8.8,7.0,home_covered,Cincinnati,True,53.2,51.5,49,4.2,under,over,under,False,3.2,True
2026,1,401858209,2026-09-05,Tulane,Duke,Duke,8.2,Duke,14,3,17,True,5.8,9.5,home_covered,Tulane,False,53.8,51.5,20,33.8,under,over,under,False,-1.3,False
2026,1,401856636,2026-09-05,Baylor,Auburn,Auburn,7.2,Auburn,1,16,17,True,6.2,6.5,away_covered,Auburn,False,53.0,58.5,33,20.0,under,under,under,True,0.7,False
2026,1,401860878,2026-09-05,Wyoming,Colorado State,Colorado State,6.2,Colorado State,22,13,35,True,15.8,2.5,home_covered,Colorado State,True,49.2,46.5,48,1.2,under,over,over,True,3.7,True
2026,1,401856660,2026-09-05,Clemson,LSU,LSU,5.8,LSU,41,10,51,True,35.2,10.0,home_covered,Clemson,False,50.1,48.5,61,10.9,over,over,over,True,-4.2,False
2026,1,401858429,2026-09-05,Toledo,Michigan State,Michigan State,3.9,Michigan State,10,20,30,True,6.1,10.0,push,,,51.2,48.5,50,1.2,under,over,over,True,-6.1,False
2026,1,401856772,2026-09-05,Oklahoma State,Tulsa,Oklahoma State,-1.3,Tulsa,14,10,24,False,15.3,-13.5,home_covered,Tulsa,True,53.4,57.5,34,19.4,under,under,under,True,12.2,True
2026,1,401858438,2026-09-06,Wisconsin,Notre Dame,Notre Dame,25.6,Notre Dame,28,13,41,True,2.4,21.0,home_covered,Notre Dame,True,50.5,46.5,54,3.5,over,over,over,True,4.6,True
2026,1,401858437,2026-09-06,Washington State,Washington,Washington,21.9,Washington,14,10,24,True,7.9,23.5,away_covered,Washington State,True,50.7,51.5,34,16.7,under,under,under,True,-1.6,False
2026,1,401864498,2026-09-06,Central Michigan,New Mexico,New Mexico,17.5,New Mexico,31,7,38,True,13.5,11.0,home_covered,New Mexico,True,51.5,47.5,45,6.5,under,over,under,False,6.5,True
2026,1,401856661,2026-09-06,Louisville,Ole Miss,Ole Miss,9.8,Ole Miss,3,38,41,True,6.8,6.5,away_covered,Ole Miss,False,52.7,55.0,79,26.3,over,under,over,False,3.3,True
2026,1,401864432,2026-09-06,Western Kentucky,Nevada,Western Kentucky,-7.0,Nevada,35,14,49,False,42.0,-1.5,home_covered,Western Kentucky,False,52.4,51.5,63,10.6,over,over,over,True,-5.5,False
2026,1,401858210,2026-09-06,UCLA,California,California,2.1,UCLA,-21,45,24,False,23.1,-2.5,away_covered,California,False,53.1,53.5,69,15.9,over,under,over,False,4.6,True
2026,1,401864497,2026-09-06,UNLV,Hawai'i,UNLV,-0.9,UNLV,-15,21,6,True,14.1,-3.0,away_covered,Hawai'i,False,54.6,55.5,27,27.6,under,under,under,True,2.1,False
2026,1,401858212,2026-09-07,SMU,Florida State,Florida State,1.1,SMU,-3,27,24,False,4.1,-3.0,push,,,52.3,54.5,51,1.3,under,under,under,True,4.1,True
2026,2,401858214,2026-09-11,Rutgers,Boston College,Rutgers,-4.6,Boston College,7,21,28,False,11.6,3.0,home_covered,Rutgers,False,54.0,53.5,49,5.0,under,over,under,False,-7.6,False
2026,2,401859184,2026-09-12,Rice,Notre Dame,Notre Dame,44.0,Notre Dame,52,0,52,True,8.0,44.5,home_covered,Rice,False,52.5,54.5,52,0.5,under,under,under,True,-0.5,False
2026,2,401856676,2026-09-12,Charlotte,Ole Miss,Ole Miss,43.5,Ole Miss,32,9,41,True,11.5,44.5,away_covered,Charlotte,True,53.2,59.5,50,3.2,under,under,under,True,-1.0,False
2026,2,401856783,2026-09-12,Texas Tech,Oregon State,Texas Tech,-30.9,Texas Tech,-11,35,24,True,19.9,-25.5,home_covered,Texas Tech,False,51.7,52.5,59,7.3,over,under,over,False,-5.4,False
2026,2,401856673,2026-09-12,Western Kentucky,Georgia,Georgia,30.1,Georgia,50,20,70,True,19.9,40.5,home_covered,Western Kentucky,False,53.2,55.5,90,36.8,over,under,over,False,-10.4,False
2026,2,401856782,2026-09-12,Oregon,Oklahoma State,Oregon,-26.6,Oklahoma State,8,31,39,False,34.6,-24.0,home_covered,Oregon,False,53.0,55.5,70,17.0,over,under,over,False,-2.6,False
2026,2,401858219,2026-09-12,Georgia Southern,Clemson,Clemson,26.5,Clemson,15,7,22,True,11.5,19.5,away_covered,Clemson,False,52.1,54.5,29,23.1,under,under,under,True,7.0,True
2026,2,401856671,2026-09-12,Southern Miss,Auburn,Auburn,25.3,Auburn,35,8,43,True,9.7,32.5,home_covered,Southern Miss,False,52.0,56.5,51,1.0,under,under,under,True,-7.2,False
2026,2,401858441,2026-09-12,Bowling Green,Nebraska,Nebraska,24.8,Nebraska,49,7,56,True,24.2,30.5,home_covered,Bowling Green,False,50.5,48.5,63,12.5,over,over,over,True,-5.7,False
2026,2,401858446,2026-09-12,Utah State,Washington,Washington,23.7,Washington,2,14,16,True,21.7,28.5,away_covered,Utah State,True,52.6,55.5,30,22.6,under,under,under,True,-4.8,False
2026,2,401856684,2026-09-12,Delaware,Vanderbilt,Vanderbilt,23.4,Vanderbilt,9,26,35,True,14.4,20.5,away_covered,Vanderbilt,False,54.8,54.5,61,6.2,over,over,over,True,2.9,False
2026,2,401867796,2026-09-12,Louisiana Tech,LSU,LSU,23.2,LSU,31,14,45,True,7.8,34.5,away_covered,Louisiana Tech,True,51.3,55.0,59,7.7,over,under,over,False,-11.3,False
2026,2,401856683,2026-09-12,Arizona State,Texas A&M,Texas A&M,20.9,Texas A&M,28,20,48,True,7.1,15.0,home_covered,Texas A&M,True,52.4,51.5,68,15.6,over,over,over,True,5.9,True
2026,2,401858442,2026-09-12,Penn State,Temple,Penn State,-18.7,Penn State,-18,27,9,True,0.7,-24.5,home_covered,Temple,True,54.0,50.0,36,18.0,under,over,under,False,5.8,True
2026,2,401856788,2026-09-12,Iowa State,Iowa,Iowa,18.5,Iowa,3,13,16,True,15.5,14.0,away_covered,Iowa,False,50.3,42.5,29,21.3,under,over,under,False,4.5,True
2026,2,401871045,2026-09-12,Middle Tennessee,Marshall,Marshall,17.0,Marshall,2,26,28,True,15.0,12.5,away_covered,Marshall,False,55.1,55.5,54,1.1,under,under,under,True,4.5,True
2026,2,401869955,2026-09-12,Georgia State,Kennesaw State,Kennesaw State,13.4,Georgia State,-14,31,17,False,27.4,7.5,away_covered,Kennesaw State,False,53.6,55.5,48,5.6,under,under,under,True,5.9,True
2026,2,401856674,2026-09-12,Alabama,Kentucky,Alabama,-13.3,Alabama,-28,45,17,True,14.7,-8.5,away_covered,Alabama,True,49.8,47.0,62,12.2,over,over,over,True,-4.8,False
2026,2,401864571,2026-09-12,App State,East Carolina,East Carolina,13.2,App State,-3,27,24,False,16.2,6.5,away_covered,East Carolina,False,52.7,55.5,51,1.7,under,under,under,True,6.7,True
2026,2,401858440,2026-09-12,Eastern Michigan,Michigan State,Michigan State,13.2,Michigan State,28,7,35,True,14.8,17.5,home_covered,Eastern Michigan,False,52.3,49.5,42,10.3,under,over,under,False,-4.3,False
2026,2,401864575,2026-09-12,South Alabama,Tulane,Tulane,12.6,Tulane,4,24,28,True,8.6,9.5,away_covered,Tulane,False,53.4,48.5,52,1.4,under,over,over,True,3.1,True
2026,2,401856781,2026-09-12,Washington State,Kansas State,Kansas State,12.5,Kansas State,27,7,34,True,14.5,17.5,home_covered,Washington State,False,51.9,48.5,41,10.9,under,over,under,False,-5.0,False
2026,2,401862707,2026-09-12,Tulsa,Sam Houston,Tulsa,-12.0,Tulsa,-6,23,17,True,6.0,-12.5,home_covered,Sam Houston,True,53.5,51.5,40,13.5,under,over,under,False,0.5,False
2026,2,401856810,2026-09-12,Arizona,BYU,BYU,11.4,BYU,11,17,28,True,0.4,7.0,home_covered,BYU,True,52.4,49.0,45,7.4,under,over,under,False,4.4,True
2026,2,401860881,2026-09-12,Memphis,Boise State,Boise State,10.6,Boise State,18,20,38,True,7.4,9.5,home_covered,Boise State,True,53.9,54.5,58,4.1,over,under,over,False,1.1,False
2026,2,401858444,2026-09-12,Maryland,UConn,Maryland,-10.5,Maryland,-24,38,14,True,13.5,-11.5,away_covered,UConn,False,52.0,52.5,52,0.0,push,under,under,True,1.0,False
2026,2,401856790,2026-09-12,UCF,Pittsburgh,Pittsburgh,9.3,Pittsburgh,5,7,12,True,4.3,7.0,away_covered,Pittsburgh,False,51.8,55.5,19,32.8,under,under,under,True,2.3,False
2026,2,401858221,2026-09-12,Old Dominion,Virginia Tech,Virginia Tech,8.5,Virginia Tech,23,21,44,True,14.5,17.5,home_covered,Old Dominion,False,51.4,47.5,65,13.6,over,over,over,True,-9.0,False
2026,2,401856681,2026-09-12,Tennessee,Georgia Tech,Tennessee,-7.2,Tennessee,-21,45,24,True,13.8,-12.5,away_covered,Georgia Tech,False,54.4,55.5,69,14.6,over,under,over,False,5.3,True
2026,2,401856678,2026-09-12,Missouri,Kansas,Missouri,-7.1,Missouri,-17,38,21,True,9.9,-4.0,away_covered,Missouri,True,52.5,51.5,59,6.5,over,over,over,True,-3.1,False
2026,2,401862708,2026-09-12,UL Monroe,UAB,UAB,7.0,UAB,6,20,26,True,1.0,9.5,away_covered,UL Monroe,True,53.7,53.5,46,7.7,under,over,under,False,-2.5,False
2026,2,401858217,2026-09-12,Duke,Illinois,Illinois,6.6,Duke,-4,31,27,False,10.6,6.5,away_covered,Illinois,False,54.5,51.5,58,3.5,over,over,over,True,0.1,False
2026,2,401856677,2026-09-12,Mississippi State,Minnesota,Minnesota,4.3,Mississippi State,-25,38,13,False,29.3,1.0,away_covered,Minnesota,False,52.0,53.5,51,1.0,under,under,under,True,3.3,True
2026,2,401858224,2026-09-12,Wake Forest,Purdue,Wake Forest,-4.2,Wake Forest,-2,38,36,True,2.2,-2.5,home_covered,Wake Forest,False,51.0,51.5,74,23.0,over,under,over,False,-1.7,False
2026,2,401866414,2026-09-12,Buffalo,Florida International,Florida International,3.8,Florida International,13,20,33,True,9.2,8.5,home_covered,Buffalo,False,51.8,47.5,53,1.2,over,over,over,True,-4.7,False
2026,2,401856682,2026-09-12,Ohio State,Texas,Ohio State,-3.3,Texas,1,23,24,False,4.3,2.5,away_covered,Ohio State,True,52.0,50.5,47,5.0,under,over,under,False,-5.8,False
2026,2,401862703,2026-09-12,Navy,Florida Atlantic,Navy,-3.2,Florida Atlantic,8,30,38,False,11.2,-4.5,home_covered,Florida Atlantic,True,55.0,59.5,68,13.0,over,under,over,False,1.3,False
2026,2,401862705,2026-09-12,UNLV,North Texas,UNLV,-2.5,North Texas,38,6,44,False,40.5,-3.0,home_covered,North Texas,True,55.3,58.0,50,5.3,under,under,under,True,0.5,False
2026,2,401862702,2026-09-12,South Florida,Army,South Florida,-1.8,South Florida,-4,28,24,True,2.2,3.0,away_covered,South Florida,True,53.6,45.5,52,1.6,under,over,over,True,-4.8,False
2026,2,401860884,2026-09-12,UTSA,Texas State,Texas State,1.5,UTSA,-5,31,26,False,6.5,1.5,away_covered,,,57.6,65.5,57,0.6,under,under,under,True,0.0,False
2026,2,401858216,2026-09-12,California,Syracuse,California,-1.4,California,-3,21,18,True,1.6,4.0,away_covered,California,True,52.4,56.5,39,13.4,under,under,under,True,-5.4,False
2026,2,401866418,2026-09-12,Jacksonville State,Ohio,Ohio,1.2,Ohio,2,27,29,True,0.8,1.5,home_covered,Jacksonville State,False,51.0,49.5,56,5.0,over,over,over,True,-0.3,False
2026,2,401856679,2026-09-12,Oklahoma,Michigan,Michigan,0.9,Michigan,7,10,17,True,6.1,-5.5,home_covered,Michigan,True,50.8,43.5,27,23.8,under,over,under,False,6.4,True
2026,2,401858443,2026-09-12,San Diego State,UCLA,UCLA,0.6,UCLA,18,10,28,True,17.4,13.5,home_covered,San Diego State,False,51.9,53.5,38,13.9,under,under,under,True,-12.9,False
2026,2,401858445,2026-09-13,Louisiana,USC,USC,27.9,USC,19,30,49,True,8.9,30.5,away_covered,Louisiana,True,55.1,58.5,79,23.9,over,under,over,False,-2.6,False
2026,2,401860883,2026-09-13,Sacramento State,Fresno State,Fresno State,21.6,Fresno State,46,3,49,True,24.4,17.5,home_covered,Fresno State,True,51.0,43.5,52,1.0,over,over,over,True,4.1,True
2026,2,401856670,2026-09-13,Arkansas,Utah,Utah,18.4,Utah,33,10,43,True,14.6,12.5,home_covered,Utah,True,55.1,55.5,53,2.1,under,under,under,True,5.9,True
2026,2,401864578,2026-09-13,New Mexico State,Hawai'i,Hawai'i,15.4,Hawai'i,10,19,29,True,5.4,7.5,home_covered,Hawai'i,True,52.8,50.5,48,4.8,under,over,under,False,7.9,True
2026,2,401864502,2026-09-13,North Dakota State,Air Force,Air Force,8.0,North Dakota State,-6,38,32,False,14.0,-1.5,away_covered,Air Force,False,52.3,48.5,70,17.7,over,over,over,True,9.5,True
2026,3,401858225,2026-09-17,Syracuse,Pittsburgh,Pittsburgh,15.7,Pittsburgh,14,13,27,True,1.7,10.5,home_covered,Pittsburgh,True,52.3,51.5,40,12.3,under,over,under,False,5.2,True
2026,3,401858226,2026-09-18,Miami,Wake Forest,Miami,-14.5,Miami,-13,33,20,True,1.5,-20.5,home_covered,Wake Forest,True,50.4,55.5,53,2.6,over,under,under,True,6.0,True
2026,3,401858454,2026-09-19,Kent State,Ohio State,Ohio State,53.2,Ohio State,56,3,59,True,2.8,52.5,home_covered,Ohio State,True,51.9,59.5,62,10.1,over,under,over,False,0.7,False
2026,3,401858450,2026-09-19,UTEP,Michigan,Michigan,37.9,Michigan,35,17,52,True,2.9,34.5,home_covered,Michigan,True,51.4,48.5,69,17.6,over,over,over,True,3.4,True
2026,3,401856692,2026-09-19,Kennesaw State,Tennessee,Tennessee,34.8,Tennessee,33,9,42,True,1.8,35.5,away_covered,Kennesaw State,True,54.3,60.5,51,3.3,under,under,under,True,-0.7,False
2026,3,401858456,2026-09-19,Buffalo,Penn State,Penn State,31.8,Penn State,42,13,55,True,10.2,40.5,home_covered,Buffalo,False,50.9,49.5,68,17.1,over,over,over,True,-8.7,False
2026,3,401858449,2026-09-19,Western Kentucky,Indiana,Indiana,30.5,Indiana,38,0,38,True,7.5,44.5,away_covered,Western Kentucky,True,53.1,61.0,38,15.1,under,under,under,True,-14.0,False
2026,3,401858453,2026-09-19,Michigan State,Notre Dame,Notre Dame,29.5,Notre Dame,17,10,27,True,12.5,29.5,away_covered,,,53.2,52.0,37,16.2,under,over,under,False,0.0,False
2026,3,401856689,2026-09-19,Troy,Missouri,Missouri,26.9,Missouri,10,17,27,True,16.9,27.0,away_covered,Troy,True,52.2,50.5,44,8.2,under,over,under,False,-0.1,False
2026,3,401856801,2026-09-19,Utah State,Utah,Utah,25.3,Utah,33,0,33,True,7.7,27.5,home_covered,Utah State,False,53.4,56.5,33,20.4,under,under,under,True,-2.2,False
2026,3,401856694,2026-09-19,Kentucky,Texas A&M,Texas A&M,24.9,Kentucky,-10,31,21,False,34.9,16.5,away_covered,Texas A&M,False,51.8,49.5,52,0.2,over,over,over,True,8.4,True
2026,3,401856686,2026-09-19,Georgia,Arkansas,Georgia,-23.5,Georgia,-28,45,17,True,4.5,-24.5,away_covered,Arkansas,False,54.6,55.0,62,7.4,over,under,over,False,1.0,False
2026,3,401856800,2026-09-19,Georgia State,UCF,UCF,22.1,UCF,14,30,44,True,8.1,17.5,away_covered,UCF,False,52.7,50.0,74,21.3,over,over,over,True,4.6,True
2026,3,401856798,2026-09-19,Bowling Green,Iowa State,Iowa State,21.0,Iowa State,48,7,55,True,27.0,23.5,home_covered,Bowling Green,False,49.5,43.5,62,12.5,over,over,over,True,-2.5,False
2026,3,401856690,2026-09-19,New Mexico,Oklahoma,Oklahoma,19.4,Oklahoma,8,6,14,True,11.4,21.5,away_covered,New Mexico,True,51.3,45.5,20,31.3,under,over,under,False,-2.1,False
2026,3,401866422,2026-09-19,Ball State,Liberty,Liberty,19.2,Liberty,36,15,51,True,16.8,14.0,home_covered,Liberty,True,52.9,49.5,66,13.1,over,over,over,True,5.2,True
2026,3,401856795,2026-09-19,BYU,Colorado State,BYU,-18.8,BYU,-18,41,23,True,0.8,-17.5,away_covered,BYU,True,51.2,52.5,64,12.8,over,under,over,False,-1.3,False
2026,3,401858451,2026-09-19,Akron,Minnesota,Minnesota,18.3,Minnesota,34,7,41,True,15.7,23.5,home_covered,Akron,False,49.7,49.5,48,1.7,under,over,under,False,-5.2,False
2026,3,401858460,2026-09-19,Eastern Michigan,Wisconsin,Wisconsin,17.9,Wisconsin,44,10,54,True,26.1,23.5,home_covered,Eastern Michigan,False,49.7,45.0,64,14.3,over,over,over,True,-5.6,False
2026,3,401858457,2026-09-19,USC,Rutgers,USC,-17.8,USC,-7,42,35,True,10.8,-22.0,home_covered,Rutgers,True,55.1,58.5,77,21.9,over,under,over,False,4.2,True
2026,3,401856802,2026-09-19,West Virginia,Virginia,Virginia,15.2,West Virginia,-11,38,27,False,26.2,10.5,away_covered,Virginia,False,51.4,53.5,65,13.6,over,under,over,False,4.7,True
2026,3,401862773,2026-09-19,Western Michigan,Rice,Western Michigan,-15.1,Western Michigan,-7,28,21,True,8.1,-9.0,home_covered,Western Michigan,False,50.6,43.5,49,1.6,under,over,over,True,-6.1,False
2026,3,401856811,2026-09-19,Houston,Texas Tech,Texas Tech,15.0,Texas Tech,2,26,28,True,13.0,7.5,away_covered,Texas Tech,False,53.0,52.5,54,1.0,over,over,over,True,7.5,True
2026,3,401867804,2026-09-19,Louisiana Tech,Baylor,Baylor,14.8,Baylor,17,19,36,True,2.2,19.5,away_covered,Louisiana Tech,True,54.3,49.5,55,0.7,over,over,over,True,-4.7,False
2026,3,401864574,2026-09-19,Charlotte,App State,App State,14.8,App State,5,21,26,True,9.8,17.0,away_covered,Charlotte,True,53.2,53.0,47,6.2,under,over,under,False,-2.2,False
2026,3,401856792,2026-09-19,Tulane,Kansas State,Kansas State,13.7,Kansas State,11,20,31,True,2.7,20.5,away_covered,Tulane,True,53.0,49.5,51,2.0,under,over,over,True,-6.8,False
2026,3,401856685,2026-09-19,Florida State,Alabama,Alabama,13.4,Alabama,14,36,50,True,0.6,19.0,away_covered,Florida State,True,50.6,50.0,86,35.4,over,over,over,True,-5.6,False
2026,3,401858231,2026-09-19,Stanford,Duke,Duke,13.3,Duke,28,7,35,True,14.7,10.0,home_covered,Duke,True,53.1,51.5,42,11.1,under,over,under,False,3.3,True
2026,3,401856691,2026-09-19,Mississippi State,South Carolina,South Carolina,11.0,Mississippi State,-7,41,34,False,18.0,4.0,away_covered,South Carolina,False,52.7,59.0,75,22.3,over,under,over,False,7.0,True
2026,3,401856695,2026-09-19,NC State,Vanderbilt,Vanderbilt,10.8,Vanderbilt,4,31,35,True,6.8,3.0,home_covered,Vanderbilt,True,54.4,50.5,66,11.6,over,over,over,True,7.8,True
2026,3,401869940,2026-09-19,Coastal Carolina,Delaware,Delaware,10.0,Delaware,8,14,22,True,2.0,5.0,home_covered,Delaware,True,54.4,56.5,36,18.4,under,under,under,True,5.0,True
2026,3,401856797,2026-09-19,Miami (OH),Cincinnati,Cincinnati,9.7,Cincinnati,4,31,35,True,5.7,15.5,away_covered,Miami (OH),True,51.2,49.5,66,14.8,over,over,over,True,-5.8,False
2026,3,401856796,2026-09-19,Colorado,Northwestern,Northwestern,9.7,Northwestern,34,7,41,True,24.3,3.5,home_covered,Northwestern,True,51.0,48.0,48,3.0,under,over,push,,6.2,True
2026,3,401858229,2026-09-19,North Carolina,Clemson,Clemson,8.4,Clemson,8,20,28,True,0.4,3.0,home_covered,Clemson,True,50.2,44.5,48,2.2,under,over,over,True,5.4,True
2026,3,401862774,2026-09-19,Temple,Toledo,Toledo,8.0,Toledo,1,48,49,True,7.0,6.0,away_covered,Toledo,False,52.5,48.5,97,44.5,over,over,over,True,2.0,False
2026,3,401862771,2026-09-19,Florida International,Florida Atlantic,Florida Atlantic,7.6,Florida Atlantic,6,10,16,True,1.6,6.5,away_covered,Florida Atlantic,False,55.3,62.5,26,29.3,under,under,under,True,1.1,False
2026,3,401864443,2026-09-19,Nevada,Middle Tennessee,Nevada,-6.7,Middle Tennessee,7,20,27,False,13.7,-3.5,home_covered,Nevada,False,51.9,50.5,47,4.9,under,over,under,False,-3.2,False
2026,3,401871047,2026-09-19,Marshall,Missouri State,Marshall,-6.4,Marshall,-6,30,24,True,0.4,-4.0,away_covered,Marshall,True,54.7,53.5,54,0.7,under,over,over,True,-2.4,False
2026,3,401869948,2026-09-19,Georgia Southern,Jacksonville State,Jacksonville State,4.3,Jacksonville State,4,27,31,True,0.3,3.0,home_covered,Jacksonville State,True,54.1,52.5,58,3.9,over,over,over,True,1.3,False
2026,3,401864508,2026-09-19,Wyoming,Central Michigan,Central Michigan,3.2,Central Michigan,14,10,24,True,10.8,-1.5,home_covered,Central Michigan,True,49.4,39.0,34,15.4,under,over,under,False,4.7,True
2026,3,401860889,2026-09-19,North Texas,Texas State,Texas State,2.7,Texas State,14,35,49,True,11.3,3.0,home_covered,North Texas,False,57.3,62.5,84,26.7,over,under,over,False,-0.3,False
2026,3,401862710,2026-09-19,East Carolina,Old Dominion,Old Dominion,2.2,East Carolina,-3,20,17,False,5.2,2.5,away_covered,East Carolina,True,50.9,49.0,37,13.9,under,over,under,False,-0.3,False
2026,3,401856812,2026-09-19,Arizona State,Kansas,Kansas,2.1,Arizona State,-7,24,17,False,9.1,-5.5,away_covered,Kansas,False,52.6,50.5,41,11.6,under,over,under,False,7.6,True
2026,3,401856687,2026-09-19,Florida,Auburn,Florida,-1.9,Florida,-5,44,39,True,3.1,-2.5,away_covered,Auburn,False,50.2,53.5,83,32.8,over,under,over,False,0.6,False
2026,3,401861963,2026-09-19,UConn,Southern Miss,Southern Miss,1.6,UConn,-28,48,20,False,29.6,-3.0,away_covered,Southern Miss,False,53.3,54.5,68,14.7,over,under,over,False,4.6,True
2026,3,401866423,2026-09-19,Ohio,South Alabama,South Alabama,1.6,South Alabama,5,36,41,True,3.4,6.5,away_covered,Ohio,True,51.3,48.5,77,25.7,over,over,over,True,-4.9,False
2026,3,401858232,2026-09-19,Virginia Tech,Maryland,Maryland,1.6,Virginia Tech,-9,35,26,False,10.6,-3.0,away_covered,Maryland,False,52.0,53.5,61,9.0,over,under,over,False,4.6,True
2026,3,401856688,2026-09-19,LSU,Ole Miss,Ole Miss,0.9,Ole Miss,8,24,32,True,7.1,-3.0,home_covered,Ole Miss,True,51.7,58.5,56,4.3,over,under,under,True,3.9,True
2026,3,401858230,2026-09-19,SMU,Louisville,Louisville,0.3,Louisville,10,31,41,True,9.7,1.5,home_covered,SMU,False,52.3,58.5,72,19.7,over,under,over,False,-1.2,False
2026,3,401856793,2026-09-20,Northern Illinois,Arizona,Arizona,31.0,Arizona,25,17,42,True,6.0,33.5,away_covered,Northern Illinois,True,51.3,50.5,59,7.7,over,over,over,True,-2.5,False
2026,3,401856693,2026-09-20,UTSA,Texas,Texas,25.3,Texas,24,6,30,True,1.3,30.0,away_covered,UTSA,True,54.2,58.5,36,18.2,under,under,under,True,-4.7,False
2026,3,401856799,2026-09-20,Arkansas State,TCU,TCU,18.5,TCU,24,7,31,True,5.5,18.5,home_covered,,,53.5,56.5,38,15.5,under,under,under,True,0.0,False
2026,3,401860888,2026-09-20,Fresno State,San José State,Fresno State,-15.6,Fresno State,-16,26,10,True,0.4,-6.5,away_covered,Fresno State,True,50.9,49.5,36,14.9,under,over,under,False,-9.1,False
2026,3,401862776,2026-09-20,UAB,Louisiana,Louisiana,13.8,Louisiana,7,14,21,True,6.8,7.5,away_covered,Louisiana,False,55.1,55.5,35,20.1,under,under,under,True,6.3,True
2026,3,401864507,2026-09-20,North Dakota State,Sacramento State,North Dakota State,-13.6,North Dakota State,-21,31,10,True,7.4,-27.5,home_covered,Sacramento State,True,52.3,50.5,41,11.3,under,over,under,False,13.9,True
2026,3,401858458,2026-09-20,Purdue,UCLA,UCLA,10.4,UCLA,14,38,52,True,3.6,14.0,push,,,52.5,52.5,90,37.5,over,,over,,-3.6,False
2026,3,401860887,2026-09-20,James Madison,San Diego State,San Diego State,2.1,James Madison,-13,26,13,False,15.1,1.5,away_covered,San Diego State,False,51.7,46.5,39,12.7,under,over,under,False,0.6,False
2026,4,401869941,2026-09-24,Liberty,Coastal Carolina,Liberty,-7.7,Liberty,-17,34,17,True,9.3,-2.5,away_covered,Liberty,True,54.2,50.5,51,3.2,under,over,over,True,-5.2,False
2026,4,401862778,2026-09-25,Navy,UAB,Navy,-8.2,UAB,4,20,24,False,12.2,-6.5,home_covered,Navy,False,54.2,50.5,44,10.2,under,over,under,False,-1.7,False
2026,4,401862779,2026-09-25,Army,Temple,Temple,0.5,Army,-4,21,17,False,4.5,-4.0,push,,,54.0,48.5,38,16.0,under,over,under,False,4.5,True
2026,4,401856805,2026-09-26,Sam Houston,Texas Tech,Texas Tech,40.2,Texas Tech,35,14,49,True,5.2,34.5,home_covered,Texas Tech,True,53.0,56.0,63,10.0,over,under,over,False,5.7,True
2026,4,401858238,2026-09-26,Central Michigan,Miami,Miami,35.3,Miami,49,3,52,True,13.7,41.0,home_covered,Central Michigan,False,50.8,53.5,55,4.2,over,under,over,False,-5.7,False
2026,4,401858467,2026-09-26,Notre Dame,Purdue,Notre Dame,-27.3,Notre Dame,-39,49,10,True,11.7,-28.0,away_covered,Purdue,False,52.9,57.5,59,6.1,over,under,over,False,0.7,False
2026,4,401858465,2026-09-26,Illinois,Ohio State,Ohio State,27.0,Ohio State,23,19,42,True,4.0,26.5,away_covered,Ohio State,False,52.4,54.5,61,8.6,over,under,over,False,0.5,False
2026,4,401862785,2026-09-26,South Florida,Bowling Green,South Florida,-19.9,South Florida,-8,14,6,True,11.9,-18.0,home_covered,South Florida,False,51.9,49.0,20,31.9,under,over,under,False,-1.9,False
2026,4,401864572,2026-09-26,App State,NC State,NC State,18.4,NC State,10,31,41,True,8.4,14.0,away_covered,NC State,False,53.8,55.5,72,18.2,over,under,over,False,4.4,True
2026,4,401862784,2026-09-26,Southern Miss,Tulane,Tulane,18.0,Tulane,3,21,24,True,15.0,17.5,away_covered,Tulane,False,52.9,52.5,45,7.9,under,over,under,False,0.5,False
2026,4,401858239,2026-09-26,Delaware,Virginia,Virginia,16.9,Virginia,39,3,42,True,22.1,19.5,home_covered,Delaware,False,52.6,52.5,45,7.6,under,over,under,False,-2.6,False
2026,4,401858461,2026-09-26,Northwestern,Indiana,Indiana,16.5,Indiana,6,23,29,True,10.5,20.0,away_covered,Northwestern,True,50.9,50.0,52,1.1,over,over,over,True,-3.5,False
2026,4,401864576,2026-09-26,South Alabama,Kentucky,Kentucky,16.2,Kentucky,24,21,45,True,7.8,20.5,home_covered,South Alabama,False,52.6,54.5,66,13.4,over,under,over,False,-4.3,False
2026,4,401856806,2026-09-26,Houston,Georgia Southern,Houston,-16.2,Houston,-14,42,28,True,2.2,-17.5,home_covered,Georgia Southern,True,53.6,56.5,70,16.4,over,under,over,False,1.3,False
2026,4,401864579,2026-09-26,New Mexico,New Mexico State,New Mexico,-14.1,New Mexico,-24,42,18,True,9.9,-11.5,away_covered,New Mexico,True,52.1,48.5,60,7.9,over,over,over,True,-2.6,False
2026,4,401860896,2026-09-26,Colorado State,UTSA,UTSA,13.9,UTSA,14,45,59,True,0.1,14.0,push,,,53.0,57.5,104,51.0,over,under,over,False,-0.1,False
2026,4,401856700,2026-09-26,Oklahoma,Georgia,Georgia,13.9,Georgia,28,13,41,True,14.1,13.5,home_covered,Georgia,True,51.3,44.0,54,2.7,over,over,over,True,0.4,False
2026,4,401858466,2026-09-26,Wisconsin,Penn State,Penn State,13.8,Wisconsin,-4,24,20,False,17.8,10.0,away_covered,Penn State,False,50.0,44.0,44,6.0,under,over,push,,3.8,True
2026,4,401856813,2026-09-26,Colorado,Baylor,Baylor,12.9,Baylor,10,13,23,True,2.9,9.0,home_covered,Baylor,True,54.0,55.5,36,18.0,under,under,under,True,3.9,True
2026,4,401858243,2026-09-26,Wake Forest,Louisville,Louisville,11.9,Wake Forest,-3,30,27,False,14.9,12.5,away_covered,Wake Forest,True,50.8,57.5,57,6.2,over,under,under,True,-0.6,False
2026,4,401856696,2026-09-26,South Carolina,Alabama,Alabama,11.7,Alabama,31,18,49,True,19.3,12.5,home_covered,South Carolina,False,50.2,54.5,67,16.8,over,under,over,False,-0.8,False
2026,4,401856804,2026-09-26,Arizona,Washington State,Arizona,-11.4,Arizona,-10,34,24,True,1.4,-10.5,home_covered,Arizona,False,51.2,48.5,58,6.8,over,over,over,True,-0.9,False
2026,4,401862780,2026-09-26,Louisiana,Charlotte,Louisiana,-10.6,Louisiana,-27,34,7,True,16.4,-10.0,away_covered,Louisiana,True,54.0,49.5,41,13.0,under,over,under,False,-0.6,False
2026,4,401858242,2026-09-26,Virginia Tech,Boston College,Virginia Tech,-10.5,Virginia Tech,-7,21,14,True,3.5,-14.0,home_covered,Boston College,True,52.8,46.5,35,17.8,under,over,under,False,3.5,True
2026,4,401864512,2026-09-26,UNLV,Akron,UNLV,-10.4,UNLV,-28,38,10,True,17.6,-13.5,away_covered,Akron,False,52.6,53.5,48,4.6,under,under,under,True,3.1,True
2026,4,401856816,2026-09-26,Utah,Iowa State,Utah,-10.0,Utah,-14,31,17,True,4.0,-7.5,away_covered,Utah,True,51.6,47.5,48,3.6,under,over,over,True,-2.5,False
2026,4,401858234,2026-09-26,Clemson,California,Clemson,-9.3,Clemson,-14,24,10,True,4.7,-2.5,away_covered,Clemson,True,51.9,52.5,34,17.9,under,under,under,True,-6.8,False
2026,4,401871048,2026-09-26,Middle Tennessee,Jacksonville State,Jacksonville State,8.9,Jacksonville State,10,13,23,True,1.1,7.0,home_covered,Jacksonville State,True,53.7,51.5,36,17.7,under,over,under,False,1.9,False
2026,4,401861970,2026-09-26,UConn,Miami (OH),Miami (OH),8.0,Miami (OH),3,21,24,True,5.0,3.5,away_covered,Miami (OH),False,50.7,52.0,45,5.7,under,under,under,True,4.5,True
2026,4,401858464,2026-09-26,Nebraska,Michigan State,Nebraska,-7.9,Nebraska,-18,31,13,True,10.1,-6.0,away_covered,Nebraska,True,52.4,49.5,44,8.4,under,over,under,False,-1.9,False
2026,4,401860894,2026-09-26,Troy,Utah State,Utah State,7.6,Utah State,11,10,21,True,3.4,3.0,home_covered,Utah State,True,53.3,47.5,31,22.3,under,over,under,False,4.6,True
2026,4,401869931,2026-09-26,Kennesaw State,Arkansas State,Arkansas State,6.7,Arkansas State,3,14,17,True,3.7,6.5,away_covered,Arkansas State,False,53.2,53.5,31,22.2,under,under,under,True,0.2,False
2026,4,401860897,2026-09-26,Boise State,Western Michigan,Boise State,-5.7,Boise State,-25,32,7,True,19.3,-7.5,away_covered,Western Michigan,False,51.2,50.0,39,12.2,under,over,under,False,1.8,False
2026,4,401869961,2026-09-26,James Madison,Old Dominion,James Madison,-5.6,James Madison,-26,46,20,True,20.4,-6.0,away_covered,Old Dominion,False,51.2,44.0,66,14.8,over,over,over,True,0.4,False
2026,4,401864511,2026-09-26,Northern Illinois,Georgia State,Georgia State,5.1,Georgia State,21,14,35,True,15.9,10.0,home_covered,Northern Illinois,False,52.5,56.5,49,3.5,under,under,under,True,-4.9,False
2026,4,401858463,2026-09-26,Iowa,Michigan,Michigan,5.0,Iowa,-1,20,19,False,6.0,5.0,away_covered,,,51.1,38.5,39,12.1,under,over,over,True,0.0,False
2026,4,401866425,2026-09-26,Ball State,Kent State,Kent State,4.5,Kent State,13,13,26,True,8.5,3.0,home_covered,Kent State,True,51.8,51.0,39,12.8,under,over,under,False,1.5,False
2026,4,401856704,2026-09-26,Texas,Tennessee,Texas,-4.3,Texas,-3,20,17,True,1.3,-5.5,home_covered,Tennessee,True,54.4,55.0,37,17.4,under,under,under,True,1.2,False
2026,4,401856698,2026-09-26,Vanderbilt,Auburn,Auburn,4.2,Auburn,6,15,21,True,1.8,9.5,away_covered,Vanderbilt,True,52.4,55.5,36,16.4,under,under,under,True,-5.3,False
2026,4,401864510,2026-09-26,Hawai'i,Wyoming,Hawai'i,-3.5,Wyoming,17,10,27,False,20.5,-2.5,home_covered,Hawai'i,False,51.0,43.5,37,14.0,under,over,under,False,-1.0,False
2026,4,401856814,2026-09-26,Kansas State,Cincinnati,Kansas State,-3.5,Cincinnati,5,26,31,False,8.5,-6.5,home_covered,Cincinnati,True,53.9,55.5,57,3.1,over,under,over,False,3.0,True
2026,4,401856881,2026-09-26,Oklahoma State,West Virginia,West Virginia,3.5,Oklahoma State,-17,41,24,False,20.5,1.5,away_covered,West Virginia,False,52.8,61.5,65,12.2,over,under,over,False,2.0,False
2026,4,401856702,2026-09-26,Texas A&M,LSU,LSU,3.3,LSU,29,6,35,True,25.7,7.5,home_covered,Texas A&M,False,51.5,52.0,41,10.5,under,under,under,True,-4.2,False
2026,4,401856699,2026-09-26,Ole Miss,Florida,Florida,2.8,Florida,24,28,52,True,21.2,3.5,home_covered,Ole Miss,False,51.9,59.0,80,28.1,over,under,over,False,-0.7,False
2026,4,401856815,2026-09-26,TCU,UCF,TCU,-2.1,UCF,8,13,21,False,10.1,-3.0,home_covered,UCF,True,51.7,48.5,34,17.7,under,over,under,False,0.9,False
2026,4,401858469,2026-09-26,Oregon,USC,USC,1.2,Oregon,-14,41,27,False,15.2,-3.5,away_covered,USC,False,54.0,61.5,68,14.0,over,under,over,False,4.7,True
2026,4,401856703,2026-09-26,Missouri,Mississippi State,Mississippi State,1.1,Mississippi State,7,24,31,True,5.9,6.0,home_covered,Missouri,False,52.9,58.5,55,2.1,over,under,under,True,-4.9,False
2026,4,401858462,2026-09-26,UCLA,Maryland,Maryland,0.6,UCLA,-51,54,3,False,51.6,-1.5,away_covered,Maryland,False,52.1,56.5,57,4.9,over,under,over,False,2.1,False
2026,4,401860893,2026-09-26,San Diego State,Toledo,Toledo,0.2,Toledo,25,16,41,True,24.8,2.5,home_covered,San Diego State,False,50.3,51.5,57,6.7,over,under,over,False,-2.3,False
2026,4,401858241,2026-09-27,Missouri State,SMU,SMU,31.5,SMU,10,24,34,True,21.5,33.5,away_covered,Missouri State,True,52.5,60.0,58,5.5,over,under,under,True,-2.0,False
2026,4,401860891,2026-09-27,Rice,Fresno State,Fresno State,20.0,Fresno State,14,24,38,True,6.0,13.0,home_covered,Fresno State,True,50.3,44.5,62,11.7,over,over,over,True,7.0,True
2026,4,401858470,2026-09-27,Minnesota,Washington,Washington,11.6,Minnesota,-3,27,24,False,14.6,10.0,away_covered,Washington,False,50.7,46.5,51,0.3,over,over,over,True,1.6,False
2026,4,401862782,2026-09-27,Florida Atlantic,UL Monroe,Florida Atlantic,-10.8,Florida Atlantic,-28,45,17,True,17.2,-11.5,away_covered,UL Monroe,False,54.5,58.5,62,7.5,over,under,over,False,0.7,False
2026,4,401860895,2026-09-27,Oregon State,UTEP,Oregon State,-10.6,Oregon State,-26,33,7,True,15.4,-11.5,away_covered,UTEP,False,51.1,56.5,40,11.1,under,under,under,True,0.9,False
2026,4,401866429,2026-09-27,Massachusetts,Sacramento State,Sacramento State,8.1,Massachusetts,-29,35,6,False,37.1,-4.5,away_covered,Sacramento State,False,52.2,48.5,41,11.2,under,over,under,False,12.6,True
2026,4,401856697,2026-09-27,Tulsa,Arkansas,Arkansas,8.0,Arkansas,28,6,34,True,20.0,7.0,home_covered,Arkansas,True,55.3,50.5,40,15.3,under,over,under,False,1.0,False
2026,4,401858240,2026-09-27,Georgia Tech,Stanford,Georgia Tech,-6.2,Stanford,7,27,34,False,13.2,-3.5,home_covered,Georgia Tech,False,51.5,48.5,61,9.5,over,over,over,True,-2.7,False
2026,4,401864509,2026-09-27,Air Force,Nevada,Nevada,3.7,Air Force,-3,36,33,False,6.7,-6.0,home_covered,Nevada,True,51.8,50.5,69,17.2,over,over,over,True,9.7,True
2026,5,401871050,2026-10-02,Liberty,Delaware,Liberty,-5.6,Liberty,-16,30,14,True,10.4,-7.0,away_covered,Delaware,False,54.7,50.5,44,10.7,under,over,under,False,1.4,False
2026,5,401862786,2026-10-02,North Texas,Tulsa,North Texas,-5.2,North Texas,-1,45,44,True,4.2,-1.5,home_covered,North Texas,False,54.4,57.5,89,34.6,over,under,over,False,-3.7,False
2026,5,401871049,2026-10-02,Western Kentucky,New Mexico State,New Mexico State,1.9,New Mexico State,21,13,34,True,19.1,2.5,home_covered,Western Kentucky,False,53.0,57.5,47,6.0,under,under,under,True,-0.6,False
2026,5,401858245,2026-10-02,Pittsburgh,Virginia Tech,Pittsburgh,-1.2,Pittsburgh,-2,35,33,True,0.8,3.0,away_covered,Pittsburgh,True,53.0,55.0,68,15.0,over,under,over,False,-4.2,False
2026,5,401864514,2026-10-03,UTEP,New Mexico,New Mexico,34.4,New Mexico,54,7,61,True,19.6,22.5,home_covered,New Mexico,True,51.9,48.5,68,16.1,over,over,over,True,11.9,True
2026,5,401856705,2026-10-03,Vanderbilt,Georgia,Georgia,26.1,Georgia,24,14,38,True,2.1,25.0,away_covered,Georgia,False,53.5,50.5,52,1.5,under,over,over,True,1.1,False
2026,5,401858475,2026-10-03,Maryland,Nebraska,Nebraska,22.4,Nebraska,25,23,48,True,2.6,14.5,home_covered,Nebraska,True,51.6,52.5,71,19.4,over,under,over,False,7.9,True
2026,5,401866431,2026-10-03,Toledo,Ball State,Toledo,-22.3,Toledo,-15,39,24,True,7.3,-19.5,home_covered,Toledo,False,50.5,52.5,63,12.5,over,under,over,False,-2.8,False
2026,5,401869962,2026-10-03,Marshall,James Madison,James Madison,21.6,James Madison,28,17,45,True,6.4,19.0,home_covered,James Madison,True,54.7,56.5,62,7.3,over,under,over,False,2.6,False
2026,5,401871089,2026-10-03,UL Monroe,South Alabama,South Alabama,19.0,South Alabama,17,35,52,True,2.0,14.0,home_covered,South Alabama,True,53.7,57.5,87,33.3,over,under,over,False,5.0,True
2026,5,401862787,2026-10-03,Memphis,Charlotte,Memphis,-18.9,Memphis,-51,59,8,True,32.1,-20.5,away_covered,Charlotte,False,53.9,53.0,67,13.1,over,over,over,True,1.6,False
2026,5,401858250,2026-10-03,Notre Dame,North Carolina,Notre Dame,-18.6,Notre Dame,-11,37,26,True,7.6,-21.0,home_covered,North Carolina,True,51.8,47.5,63,11.2,over,over,over,True,2.4,False
2026,5,401860898,2026-10-03,Utah State,Boise State,Boise State,17.9,Boise State,19,18,37,True,1.1,20.0,away_covered,Utah State,True,53.1,51.5,55,1.9,over,over,over,True,-2.1,False
2026,5,401858246,2026-10-03,Boston College,SMU,SMU,17.1,SMU,9,16,25,True,8.1,21.0,away_covered,Boston College,True,52.8,55.5,41,11.8,under,under,under,True,-3.9,False
2026,5,401856711,2026-10-03,Arkansas,Texas A&M,Texas A&M,16.9,Texas A&M,27,7,34,True,10.1,14.0,home_covered,Texas A&M,True,55.1,50.5,41,14.1,under,over,under,False,2.9,False
2026,5,401864515,2026-10-03,Wyoming,North Dakota State,North Dakota State,16.3,North Dakota State,28,0,28,True,11.7,18.0,home_covered,Wyoming,False,50.0,45.5,28,22.0,under,over,under,False,-1.7,False
2026,5,401856807,2026-10-03,Middle Tennessee,Kansas,Kansas,15.6,Kansas,55,0,55,True,39.4,18.5,home_covered,Middle Tennessee,False,53.4,49.5,55,1.6,over,over,over,True,-2.9,False
2026,5,401866477,2026-10-03,Bowling Green,Miami (OH),Miami (OH),15.6,Bowling Green,-4,24,20,False,19.6,13.5,away_covered,Miami (OH),False,48.9,43.5,44,4.9,under,over,over,True,2.1,False
2026,5,401858249,2026-10-03,Miami,Clemson,Miami,-15.1,Miami,-28,41,13,True,12.9,-16.5,away_covered,Clemson,False,50.7,48.0,54,3.3,over,over,over,True,1.4,False
2026,5,401862788,2026-10-03,UTSA,Rice,UTSA,-14.2,UTSA,-2,16,14,True,12.2,-12.0,home_covered,UTSA,False,53.6,56.5,30,23.6,under,under,under,True,-2.2,False
2026,5,401858472,2026-10-03,Purdue,Illinois,Illinois,14.0,Purdue,-7,24,17,False,21.0,10.0,away_covered,Illinois,False,52.8,61.5,41,11.8,under,under,under,True,4.0,True
2026,5,401856821,2026-10-03,Texas Tech,Colorado,Texas Tech,-13.7,Texas Tech,-22,29,7,True,8.3,-12.5,away_covered,Texas Tech,True,52.4,50.5,36,16.4,under,over,under,False,-1.2,False
2026,5,401858251,2026-10-03,Stanford,Wake Forest,Wake Forest,13.5,Wake Forest,54,3,57,True,40.5,13.0,home_covered,Wake Forest,True,50.1,53.5,60,9.9,over,under,over,False,0.5,False
2026,5,401866432,2026-10-03,Western Michigan,Buffalo,Western Michigan,-12.8,Western Michigan,-3,20,17,True,9.8,-13.5,home_covered,Buffalo,True,49.5,46.5,37,12.5,under,over,under,False,0.7,False
2026,5,401866433,2026-10-03,Eastern Michigan,Massachusetts,Massachusetts,12.6,Eastern Michigan,-24,38,14,False,36.6,6.0,away_covered,Massachusetts,False,51.8,49.0,52,0.2,over,over,over,True,6.6,True
2026,5,401858473,2026-10-03,Ohio State,Iowa,Ohio State,-12.5,Ohio State,-17,31,14,True,4.5,-14.5,away_covered,Iowa,False,51.1,45.5,45,6.1,under,over,under,False,2.0,False
2026,5,401856822,2026-10-03,West Virginia,Iowa State,Iowa State,11.2,Iowa State,3,42,45,True,8.2,3.0,push,,,51.2,53.5,87,35.8,over,under,over,False,8.2,True
2026,5,401856710,2026-10-03,Auburn,Tennessee,Tennessee,11.2,Tennessee,10,14,24,True,1.2,7.0,home_covered,Tennessee,True,53.2,54.5,38,15.2,under,under,under,True,4.2,True
2026,5,401858479,2026-10-03,Michigan State,Wisconsin,Wisconsin,10.4,Wisconsin,28,3,31,True,17.6,10.0,home_covered,Wisconsin,True,50.1,43.5,34,16.1,under,over,under,False,0.4,False
2026,5,401858478,2026-10-03,Washington,USC,USC,10.1,USC,4,21,25,True,6.1,9.5,away_covered,USC,False,53.3,59.0,46,7.3,under,under,under,True,0.6,False
2026,5,401862792,2026-10-03,Temple,South Florida,South Florida,10.0,Temple,-4,17,13,False,14.0,6.5,away_covered,South Florida,False,55.1,48.5,30,25.1,under,over,under,False,3.5,True
2026,5,401856819,2026-10-03,UCF,Houston,Houston,9.9,Houston,10,17,27,True,0.1,11.5,away_covered,UCF,True,51.9,51.5,44,7.9,under,over,under,False,-1.6,False
2026,5,401866434,2026-10-03,Ohio,Kent State,Ohio,-8.9,Ohio,-3,13,10,True,5.9,-3.5,home_covered,Ohio,False,50.0,51.0,23,27.0,under,under,under,True,-5.4,False
2026,5,401856707,2026-10-03,Alabama,Mississippi State,Alabama,-8.7,Alabama,-33,56,23,True,24.3,-6.0,away_covered,Alabama,True,51.9,60.0,79,27.1,over,under,over,False,-2.7,False
2026,5,401866430,2026-10-03,Akron,Central Michigan,Central Michigan,7.8,Central Michigan,24,17,41,True,16.2,6.5,home_covered,Central Michigan,True,50.1,47.0,58,7.9,over,over,over,True,1.3,False
2026,5,401856818,2026-10-03,BYU,TCU,BYU,-7.6,BYU,-7,17,10,True,0.6,-6.5,away_covered,BYU,True,52.6,48.0,27,25.6,under,over,under,False,-1.1,False
2026,5,401856708,2026-10-03,Florida,Missouri,Florida,-7.1,Missouri,28,17,45,False,35.1,-5.5,home_covered,Florida,False,50.8,57.5,62,11.2,over,under,over,False,-1.6,False
2026,5,401856709,2026-10-03,Kentucky,South Carolina,South Carolina,6.9,Kentucky,-1,35,34,False,7.9,3.0,away_covered,South Carolina,False,50.7,53.5,69,18.3,over,under,over,False,3.9,True
2026,5,401858248,2026-10-03,Louisville,NC State,Louisville,-6.4,NC State,3,28,31,False,9.4,-3.5,home_covered,Louisville,False,52.9,58.5,59,6.1,over,under,over,False,-2.9,False
2026,5,401858474,2026-10-03,Michigan,Minnesota,Michigan,-6.0,Minnesota,6,14,20,False,12.0,-5.5,home_covered,Michigan,False,50.5,43.5,34,16.5,under,over,under,False,-0.5,False
2026,5,401858247,2026-10-03,California,UNLV,UNLV,4.7,UNLV,8,31,39,True,3.3,2.5,home_covered,UNLV,True,54.4,53.5,70,15.6,over,over,over,True,2.2,False
2026,5,401862791,2026-10-03,Navy,Air Force,Air Force,4.6,Air Force,5,9,14,True,0.4,3.0,home_covered,Air Force,True,53.2,46.5,23,30.2,under,over,under,False,1.6,False
2026,5,401869942,2026-10-03,Georgia Southern,Coastal Carolina,Georgia Southern,-4.0,Georgia Southern,-7,31,24,True,3.0,-2.5,away_covered,Georgia Southern,True,53.8,54.5,55,1.2,over,under,over,False,-1.5,False
2026,5,401858476,2026-10-03,Penn State,Northwestern,Northwestern,1.8,Northwestern,21,13,34,True,19.2,-3.0,home_covered,Northwestern,True,51.2,45.5,47,4.2,under,over,over,True,4.8,True
2026,5,401860899,2026-10-03,Oregon State,Colorado State,Colorado State,0.8,Oregon State,-30,56,26,False,30.8,-6.0,away_covered,Colorado State,False,50.4,61.5,82,31.6,over,under,over,False,6.8,True
2026,5,401869842,2026-10-03,Army,Louisiana Tech,Army,-0.8,Louisiana Tech,2,29,31,False,2.8,-2.5,home_covered,Louisiana Tech,True,52.7,47.5,60,7.3,over,over,over,True,1.7,False
2026,5,401858253,2026-10-03,Virginia,Florida State,Florida State,0.7,Florida State,31,7,38,True,30.3,-3.0,home_covered,Florida State,True,51.0,51.5,45,6.0,under,under,under,True,3.7,True
2026,5,401858252,2026-10-03,Syracuse,UConn,Syracuse,-0.3,Syracuse,-1,42,41,True,0.7,-6.5,home_covered,UConn,True,52.0,50.5,83,31.0,over,over,over,True,6.2,True
2026,5,401869956,2026-10-03,Old Dominion,Georgia State,Old Dominion,-0.2,Georgia State,32,10,42,False,32.2,2.5,home_covered,Old Dominion,False,52.5,51.5,52,0.5,under,over,over,True,-2.7,False
2026,5,401858477,2026-10-04,Indiana,Rutgers,Indiana,-27.1,Indiana,-32,47,15,True,4.9,-24.0,away_covered,Indiana,True,53.7,56.5,62,8.3,over,under,over,False,-3.1,False
2026,5,401869932,2026-10-04,Arkansas State,Louisiana,Louisiana,9.9,Louisiana,3,20,23,True,6.9,6.5,away_covered,Louisiana,False,54.7,48.0,43,11.7,under,over,under,False,3.4,True
2026,5,401856820,2026-10-04,Cincinnati,Arizona,Arizona,9.6,Arizona,27,7,34,True,17.4,6.5,home_covered,Arizona,True,53.1,55.5,41,12.1,under,under,under,True,3.1,True
2026,5,401864513,2026-10-04,San José State,Hawai'i,Hawai'i,6.3,San José State,-4,20,16,False,10.3,3.0,away_covered,Hawai'i,False,53.1,51.5,36,17.1,under,over,under,False,3.3,True
2026,5,401860921,2026-10-04,Fresno State,Washington State,Fresno State,-2.4,Fresno State,-20,26,6,True,17.6,1.5,away_covered,Fresno State,True,49.5,45.5,32,17.5,under,over,under,False,-3.9,False
2026,5,401856817,2026-10-04,Baylor,Arizona State,Baylor,-0.9,Baylor,-36,55,19,True,35.1,4.0,away_covered,Baylor,True,53.6,49.5,74,20.4,over,over,over,True,-4.9,False
2026,5,401860900,2026-10-04,Texas State,San Diego State,San Diego State,0.8,San Diego State,2,29,31,True,1.2,-5.5,home_covered,San Diego State,True,55.2,59.5,60,4.8,over,under,over,False,6.3,True
2026,6,401871090,2026-10-07,Southern Miss,Troy,Troy,11.7,Troy,21,34,55,True,9.3,9.5,home_covered,Troy,True,51.9,51.5,89,37.1,over,over,over,True,2.2,False
2026,6,401871066,2026-10-07,New Mexico State,Florida International,Florida International,4.6,Florida International,19,3,22,True,14.4,7.0,home_covered,New Mexico State,False,49.4,47.0,25,24.4,under,over,under,False,-2.4,False
2026,6,401871051,2026-10-07,Jacksonville State,Kennesaw State,Jacksonville State,-1.9,Jacksonville State,-1,27,26,True,0.9,-3.0,home_covered,Kennesaw State,True,50.0,49.0,53,3.0,over,over,over,True,1.1,False
