season,team,games_scheduled,expected_wins,fair_win_line,wins,games,win_pct,transition,error
2023,Air Force,12,9.012397597408139,8.5,9.0,13.0,0.6923076923076923,2022->2023,0.01239759740813895
2023,Akron,12,3.298421182462658,2.5,2.0,12.0,0.1666666666666666,2022->2023,1.2984211824626581
2023,Alabama,14,10.982229045791701,10.5,12.0,14.0,0.8571428571428571,2022->2023,-1.0177709542082987
2023,App State,14,8.531069788275746,8.5,9.0,14.0,0.6428571428571429,2022->2023,-0.4689302117242544
2023,Arizona,13,4.655830633762774,4.5,10.0,13.0,0.7692307692307693,2022->2023,-5.344169366237226
2023,Arizona State,12,4.2285359727490555,3.5,3.0,12.0,0.25,2022->2023,1.2285359727490555
2023,Arkansas,12,7.456627093171268,6.5,4.0,12.0,0.3333333333333333,2022->2023,3.456627093171268
2023,Arkansas State,13,4.680072043985915,4.5,6.0,13.0,0.4615384615384615,2022->2023,-1.3199279560140846
2023,Army,12,7.028975310583665,6.5,6.0,12.0,0.5,2022->2023,1.0289753105836654
2023,Auburn,13,6.175556852143577,5.5,6.0,13.0,0.4615384615384615,2022->2023,0.1755568521435773
2023,BYU,11,3.686459957645697,3.5,5.0,12.0,0.4166666666666667,2022->2023,-1.3135400423543029
2023,Ball State,12,4.953445197775234,4.5,4.0,12.0,0.3333333333333333,2022->2023,0.9534451977752338
2023,Baylor,12,6.735732856280164,6.5,3.0,12.0,0.25,2022->2023,3.7357328562801637
2023,Boise State,14,9.247140618123675,8.5,8.0,14.0,0.5714285714285714,2022->2023,1.2471406181236748
2023,Boston College,13,4.301485001627221,3.5,7.0,13.0,0.5384615384615384,2022->2023,-2.6985149983727794
2023,Bowling Green,13,4.30371269553722,3.5,7.0,13.0,0.5384615384615384,2022->2023,-2.69628730446278
2023,Buffalo,12,6.1120899451457165,5.5,3.0,12.0,0.25,2022->2023,3.1120899451457165
2023,California,13,4.151806067573734,3.5,6.0,13.0,0.4615384615384615,2022->2023,-1.8481939324262662
2023,Central Michigan,12,4.8521270292581695,4.5,5.0,12.0,0.4166666666666667,2022->2023,-0.14787297074183048
2023,Charlotte,12,3.505684196092327,2.5,3.0,12.0,0.25,2022->2023,0.5056841960923268
2023,Cincinnati,12,8.115951336565015,7.5,3.0,12.0,0.25,2022->2023,5.115951336565015
2023,Clemson,13,9.802525801094378,9.5,9.0,13.0,0.6923076923076923,2022->2023,0.8025258010943777
2023,Coastal Carolina,12,7.00703231128545,6.5,8.0,13.0,0.6153846153846154,2022->2023,-0.9929676887145504
2023,Colorado,12,1.8412057318667785,1.5,4.0,12.0,0.3333333333333333,2022->2023,-2.1587942681332217
2023,Colorado State,12,3.6375201031432467,3.5,5.0,12.0,0.4166666666666667,2022->2023,-1.3624798968567533
2023,Duke,13,7.1244384322363326,6.5,8.0,13.0,0.6153846153846154,2022->2023,-0.8755615677636674
2023,East Carolina,12,6.633012014421146,6.5,2.0,12.0,0.1666666666666666,2022->2023,4.633012014421146
2023,Eastern Michigan,12,7.253910863595244,6.5,6.0,13.0,0.4615384615384615,2022->2023,1.2539108635952436
2023,Florida,12,5.952444415107153,5.5,5.0,12.0,0.4166666666666667,2022->2023,0.9524444151071529
2023,Florida Atlantic,12,5.140912783178447,4.5,4.0,12.0,0.3333333333333333,2022->2023,1.1409127831784467
2023,Florida International,10,2.1177761230805228,1.5,4.0,12.0,0.3333333333333333,2022->2023,-1.8822238769194772
2023,Florida State,14,9.18777838292211,8.5,13.0,14.0,0.9285714285714286,2022->2023,-3.81222161707789
2023,Fresno State,13,9.531424105307552,9.5,9.0,13.0,0.6923076923076923,2022->2023,0.5314241053075524
2023,Georgia,14,12.527685642415051,12.5,13.0,14.0,0.9285714285714286,2022->2023,-0.4723143575849491
2023,Georgia Southern,13,6.182004386412859,5.5,6.0,13.0,0.4615384615384615,2022->2023,0.1820043864128591
2023,Georgia State,13,6.6013935050898365,6.5,7.0,13.0,0.5384615384615384,2022->2023,-0.39860649491016353
2023,Georgia Tech,13,3.712470983295876,3.5,7.0,13.0,0.5384615384615384,2022->2023,-3.287529016704124
2023,Hawai'i,13,3.4125809097771693,2.5,5.0,13.0,0.3846153846153846,2022->2023,-1.5874190902228307
2023,Houston,11,4.205665922646897,3.5,4.0,12.0,0.3333333333333333,2022->2023,0.20566592264689731
2023,Illinois,12,8.492313470858628,8.5,5.0,12.0,0.4166666666666667,2022->2023,3.492313470858628
2023,Indiana,12,3.6668567779744645,3.5,3.0,12.0,0.25,2022->2023,0.6668567779744645
2023,Iowa,14,8.646161505031104,8.5,10.0,14.0,0.7142857142857143,2022->2023,-1.3538384949688957
2023,Iowa State,13,5.498788331276355,4.5,7.0,13.0,0.5384615384615384,2022->2023,-1.501211668723645
2023,James Madison,13,8.92838707328908,8.5,11.0,13.0,0.8461538461538461,2022->2023,-2.0716129267109196
2023,Kansas,13,5.905077056085776,5.5,9.0,13.0,0.6923076923076923,2022->2023,-3.0949229439142236
2023,Kansas State,13,9.636250621404278,9.5,9.0,13.0,0.6923076923076923,2022->2023,0.6362506214042778
2023,Kent State,12,5.2231358142263264,4.5,1.0,12.0,0.0833333333333333,2022->2023,4.2231358142263264
2023,Kentucky,13,7.402786643285526,6.5,7.0,13.0,0.5384615384615384,2022->2023,0.40278664328552605
2023,LSU,13,8.475339233996204,8.5,10.0,13.0,0.7692307692307693,2022->2023,-1.5246607660037963
2023,Liberty,12,8.355507164185596,7.5,13.0,14.0,0.9285714285714286,2022->2023,-4.644492835814404
2023,Louisiana,12,7.509097706890266,7.5,6.0,13.0,0.4615384615384615,2022->2023,1.509097706890266
2023,Louisiana Tech,10,3.3153823488330114,2.5,3.0,12.0,0.25,2022->2023,0.3153823488330114
2023,Louisville,14,9.200016465613038,8.5,10.0,14.0,0.7142857142857143,2022->2023,-0.7999835343869623
2023,Marshall,13,7.791986395004895,7.5,6.0,13.0,0.4615384615384615,2022->2023,1.791986395004895
2023,Maryland,13,8.494231134730454,8.5,8.0,13.0,0.6153846153846154,2022->2023,0.49423113473045355
2023,Massachusetts,12,2.13818038051449,1.5,3.0,12.0,0.25,2022->2023,-0.8618196194855101
2023,Memphis,13,8.98174473273013,8.5,10.0,13.0,0.7692307692307693,2022->2023,-1.0182552672698701
2023,Miami,13,6.593789606100418,6.5,7.0,13.0,0.5384615384615384,2022->2023,-0.406210393899582
2023,Miami (OH),14,6.448432977657083,5.5,11.0,14.0,0.7857142857142857,2022->2023,-4.551567022342917
2023,Michigan,15,12.81798158631783,12.5,15.0,15.0,1.0,2022->2023,-2.1820184136821705
2023,Michigan State,12,4.931903316645063,4.5,4.0,12.0,0.3333333333333333,2022->2023,0.9319033166450632
2023,Middle Tennessee,10,5.434641453833738,4.5,4.0,12.0,0.3333333333333333,2022->2023,1.4346414538337378
2023,Minnesota,13,8.75833680868267,8.5,6.0,13.0,0.4615384615384615,2022->2023,2.758336808682669
2023,Mississippi State,12,7.926192326981401,7.5,5.0,12.0,0.4166666666666667,2022->2023,2.9261923269814014
2023,Missouri,13,5.793318506036899,5.5,11.0,13.0,0.8461538461538461,2022->2023,-5.206681493963101
2023,NC State,13,7.688577143845949,7.5,9.0,13.0,0.6923076923076923,2022->2023,-1.311422856154051
2023,Navy,12,5.305903739871409,4.5,5.0,12.0,0.4166666666666667,2022->2023,0.3059037398714093
2023,Nebraska,12,5.192760731156645,4.5,5.0,12.0,0.4166666666666667,2022->2023,0.19276073115664527
2023,Nevada,12,3.776681706748207,3.5,2.0,12.0,0.1666666666666666,2022->2023,1.776681706748207
2023,New Mexico,12,3.5137295669680064,2.5,4.0,12.0,0.3333333333333333,2022->2023,-0.4862704330319936
2023,New Mexico State,13,5.60106495968865,5.5,10.0,15.0,0.6666666666666666,2022->2023,-4.39893504031135
2023,North Carolina,13,7.929321832356799,7.5,8.0,13.0,0.6153846153846154,2022->2023,-0.07067816764320067
2023,North Texas,12,6.856408118088644,6.5,5.0,12.0,0.4166666666666667,2022->2023,1.8564081180886438
2023,Northern Illinois,13,4.909384155674654,4.5,7.0,13.0,0.5384615384615384,2022->2023,-2.090615844325346
2023,Northwestern,13,2.6835338762303915,2.5,8.0,13.0,0.6153846153846154,2022->2023,-5.316466123769608
2023,Notre Dame,13,7.5798951343369385,7.5,10.0,13.0,0.7692307692307693,2022->2023,-2.4201048656630615
2023,Ohio,13,8.580940778918704,8.5,10.0,13.0,0.7692307692307693,2022->2023,-1.4190592210812962
2023,Ohio State,13,11.229751472870522,10.5,11.0,13.0,0.8461538461538461,2022->2023,0.22975147287052167
2023,Oklahoma,13,8.778703117659965,8.5,10.0,13.0,0.7692307692307693,2022->2023,-1.2212968823400345
2023,Oklahoma State,14,8.246255647680409,7.5,10.0,14.0,0.7142857142857143,2022->2023,-1.7537443523195915
2023,Old Dominion,13,3.795728855546586,3.5,6.0,13.0,0.4615384615384615,2022->2023,-2.204271144453414
2023,Ole Miss,13,8.012663574958209,7.5,11.0,13.0,0.8461538461538461,2022->2023,-2.987336425041791
2023,Oregon,14,10.566636857053265,10.5,12.0,14.0,0.8571428571428571,2022->2023,-1.4333631429467353
2023,Oregon State,13,9.061516381560244,8.5,8.0,13.0,0.6153846153846154,2022->2023,1.061516381560244
2023,Penn State,13,9.93286001947007,9.5,10.0,13.0,0.7692307692307693,2022->2023,-0.0671399805299302
2023,Pittsburgh,12,7.29375125032089,6.5,3.0,12.0,0.25,2022->2023,4.29375125032089
2023,Purdue,12,6.261376411295931,5.5,4.0,12.0,0.3333333333333333,2022->2023,2.261376411295931
2023,Rice,13,4.185950697567232,3.5,6.0,13.0,0.4615384615384615,2022->2023,-1.8140493024327684
2023,Rutgers,13,4.2788515239772815,3.5,7.0,13.0,0.5384615384615384,2022->2023,-2.7211484760227185
2023,SMU,14,9.02100365504596,8.5,11.0,14.0,0.7857142857142857,2022->2023,-1.9789963449540409
2023,San Diego State,12,6.379530812088549,5.5,4.0,12.0,0.3333333333333333,2022->2023,2.379530812088549
2023,San José State,13,6.643387235139217,6.5,7.0,13.0,0.5384615384615384,2022->2023,-0.35661276486078286
2023,South Alabama,13,9.535023846907157,9.5,7.0,13.0,0.5384615384615384,2022->2023,2.5350238469071567
2023,South Carolina,11,5.888597653785488,5.5,5.0,12.0,0.4166666666666667,2022->2023,0.8885976537854878
2023,South Florida,13,3.8585969174016475,3.5,7.0,13.0,0.5384615384615384,2022->2023,-3.1414030825983525
2023,Southern Miss,12,5.492218333233831,4.5,3.0,12.0,0.25,2022->2023,2.492218333233831
2023,Stanford,12,4.190422209346254,3.5,3.0,12.0,0.25,2022->2023,1.190422209346254
2023,Syracuse,13,7.657409577936559,7.5,6.0,13.0,0.4615384615384615,2022->2023,1.6574095779365594
2023,TCU,12,9.638967628880726,9.5,5.0,12.0,0.4166666666666667,2022->2023,4.638967628880726
2023,Temple,12,4.569349858662295,4.5,3.0,12.0,0.25,2022->2023,1.569349858662295
2023,Tennessee,13,10.121558171032484,9.5,9.0,13.0,0.6923076923076923,2022->2023,1.1215581710324845
2023,Texas,14,10.28207093177886,9.5,12.0,14.0,0.8571428571428571,2022->2023,-1.7179290682211406
2023,Texas A&M,13,6.85736537200555,6.5,7.0,13.0,0.5384615384615384,2022->2023,-0.14263462799445037
2023,Texas State,13,4.946252283429898,4.5,8.0,13.0,0.6153846153846154,2022->2023,-3.0537477165701024
2023,Texas Tech,13,6.814569848208007,6.5,7.0,13.0,0.5384615384615384,2022->2023,-0.1854301517919934
2023,Toledo,14,9.512478937246177,9.5,11.0,14.0,0.7857142857142857,2022->2023,-1.4875210627538227
2023,Troy,14,9.47309623459854,9.5,11.0,14.0,0.7857142857142857,2022->2023,-1.5269037654014603
2023,Tulane,14,10.580574911314248,10.5,11.0,14.0,0.7857142857142857,2022->2023,-0.41942508868575246
2023,Tulsa,12,5.637258487418885,5.5,4.0,12.0,0.3333333333333333,2022->2023,1.637258487418885
2023,UAB,12,6.317856840635159,5.5,4.0,12.0,0.3333333333333333,2022->2023,2.3178568406351587
2023,UCF,13,7.8351614890712336,7.5,6.0,13.0,0.4615384615384615,2022->2023,1.8351614890712336
2023,UCLA,13,9.455443187824615,9.5,8.0,13.0,0.6153846153846154,2022->2023,1.4554431878246152
2023,UConn,12,5.060081341130234,4.5,3.0,12.0,0.25,2022->2023,2.0600813411302337
2023,UL Monroe,12,3.059516282035198,2.5,2.0,12.0,0.1666666666666666,2022->2023,1.0595162820351982
2023,UNLV,14,6.268230193441019,5.5,9.0,14.0,0.6428571428571429,2022->2023,-2.7317698065589813
2023,USC,13,10.07260768098964,9.5,8.0,13.0,0.6153846153846154,2022->2023,2.0726076809896394
2023,UTEP,10,5.376427097756757,4.5,3.0,12.0,0.25,2022->2023,2.376427097756757
2023,UTSA,13,8.5523898531681,8.5,9.0,13.0,0.6923076923076923,2022->2023,-0.4476101468319005
2023,Utah,13,9.914179376820615,9.5,8.0,13.0,0.6153846153846154,2022->2023,1.9141793768206146
2023,Utah State,13,5.05532010770399,4.5,6.0,13.0,0.4615384615384615,2022->2023,-0.9446798922960102
2023,Vanderbilt,12,3.9248845833549733,3.5,2.0,12.0,0.1666666666666666,2022->2023,1.9248845833549733
2023,Virginia,12,4.120121360034076,3.5,3.0,12.0,0.25,2022->2023,1.1201213600340756
2023,Virginia Tech,13,3.7274149195821202,3.5,7.0,13.0,0.5384615384615384,2022->2023,-3.2725850804178798
2023,Wake Forest,12,7.625058275698661,7.5,4.0,12.0,0.3333333333333333,2022->2023,3.6250582756986613
2023,Washington,15,9.365179150003776,8.5,14.0,15.0,0.9333333333333332,2022->2023,-4.634820849996224
2023,Washington State,12,7.879068458518099,7.5,5.0,12.0,0.4166666666666667,2022->2023,2.8790684585180992
2023,West Virginia,13,4.914480452424956,4.5,9.0,13.0,0.6923076923076923,2022->2023,-4.085519547575044
2023,Western Kentucky,11,7.594964561734447,7.5,8.0,13.0,0.6153846153846154,2022->2023,-0.40503543826555344
2023,Western Michigan,12,4.089686157227845,3.5,4.0,12.0,0.3333333333333333,2022->2023,0.08968615722784534
2023,Wisconsin,13,7.307373097045463,6.5,7.0,13.0,0.5384615384615384,2022->2023,0.30737309704546334
2023,Wyoming,13,6.231418251875727,5.5,9.0,13.0,0.6923076923076923,2022->2023,-2.768581748124273
2024,Air Force,12,9.198035816703236,8.5,5.0,12.0,0.4166666666666667,2023->2024,4.198035816703236
2024,Akron,12,3.15342173427394,2.5,4.0,12.0,0.3333333333333333,2023->2024,-0.8465782657260599
2024,Alabama,13,9.348386301788217,8.5,9.0,13.0,0.6923076923076923,2023->2024,0.34838630178821717
2024,App State,12,7.421480087413866,6.5,5.0,11.0,0.4545454545454545,2023->2024,2.4214800874138662
2024,Arizona,12,8.963517304643123,8.5,4.0,12.0,0.3333333333333333,2023->2024,4.963517304643123
2024,Arizona State,14,2.8823266637870586,2.5,11.0,14.0,0.7857142857142857,2023->2024,-8.117673336212942
2024,Arkansas,13,5.761268941705891,5.5,7.0,13.0,0.5384615384615384,2023->2024,-1.2387310582941087
2024,Arkansas State,13,6.05655244895033,5.5,8.0,13.0,0.6153846153846154,2023->2024,-1.9434475510496698
2024,Army,14,8.265517143082473,7.5,12.0,14.0,0.8571428571428571,2023->2024,-3.734482856917527
2024,Auburn,12,6.751825503763853,6.5,5.0,12.0,0.4166666666666667,2023->2024,1.751825503763853
2024,BYU,13,5.617084330562955,5.5,11.0,13.0,0.8461538461538461,2023->2024,-5.382915669437045
2024,Ball State,12,4.7777277325576675,4.5,3.0,12.0,0.25,2023->2024,1.7777277325576675
2024,Baylor,13,3.6929256713942835,3.5,8.0,13.0,0.6153846153846154,2023->2024,-4.307074328605717
2024,Boise State,14,8.86994693701011,8.5,12.0,14.0,0.8571428571428571,2023->2024,-3.130053062989891
2024,Boston College,13,5.029648778305384,4.5,7.0,13.0,0.5384615384615384,2023->2024,-1.9703512216946164
2024,Bowling Green,13,6.8308353269373345,6.5,7.0,13.0,0.5384615384615384,2023->2024,-0.16916467306266547
2024,Buffalo,13,5.500590143707344,4.5,9.0,13.0,0.6923076923076923,2023->2024,-3.4994098562926563
2024,California,13,6.471115392283919,5.5,6.0,13.0,0.4615384615384615,2023->2024,0.4711153922839193
2024,Central Michigan,12,3.964469558921156,3.5,4.0,12.0,0.3333333333333333,2023->2024,-0.03553044107884418
2024,Charlotte,12,2.939216018904795,2.5,5.0,12.0,0.4166666666666667,2023->2024,-2.060783981095205
2024,Cincinnati,12,4.523396625215543,3.5,5.0,12.0,0.4166666666666667,2023->2024,-0.4766033747844567
2024,Clemson,14,8.611461561880649,8.5,10.0,14.0,0.7142857142857143,2023->2024,-1.388538438119351
2024,Coastal Carolina,13,7.222208566496547,6.5,6.0,13.0,0.4615384615384615,2023->2024,1.2222085664965467
2024,Colorado,13,5.326680493344509,4.5,9.0,13.0,0.6923076923076923,2023->2024,-3.673319506655491
2024,Colorado State,13,6.166449373313271,5.5,8.0,13.0,0.6153846153846154,2023->2024,-1.833550626686729
2024,Duke,13,8.163422230771777,7.5,9.0,13.0,0.6923076923076923,2023->2024,-0.8365777692282226
2024,East Carolina,13,5.3238330592294405,4.5,8.0,13.0,0.6153846153846154,2023->2024,-2.6761669407705595
2024,Eastern Michigan,12,5.705894523429076,5.5,5.0,12.0,0.4166666666666667,2023->2024,0.7058945234290759
2024,Florida,13,5.470526351458512,4.5,8.0,13.0,0.6153846153846154,2023->2024,-2.5294736485414884
2024,Florida Atlantic,12,6.762157943367111,6.5,3.0,12.0,0.25,2023->2024,3.762157943367111
2024,Florida International,11,3.2732007724786145,2.5,4.0,12.0,0.3333333333333333,2023->2024,-0.7267992275213855
2024,Florida State,12,9.181142472816674,8.5,2.0,12.0,0.1666666666666666,2023->2024,7.181142472816674
2024,Fresno State,13,7.957258460788855,7.5,6.0,13.0,0.4615384615384615,2023->2024,1.9572584607888546
2024,Georgia,14,11.65076613702,11.5,11.0,14.0,0.7857142857142857,2023->2024,0.6507661370199997
2024,Georgia Southern,13,5.8412046195338965,5.5,8.0,13.0,0.6153846153846154,2023->2024,-2.1587953804661035
2024,Georgia State,12,5.8353098727350154,5.5,3.0,12.0,0.25,2023->2024,2.8353098727350154
2024,Georgia Tech,13,5.3448170900672345,4.5,7.0,13.0,0.5384615384615384,2023->2024,-1.6551829099327655
2024,Hawai'i,12,4.523674647537426,3.5,5.0,12.0,0.4166666666666667,2023->2024,-0.4763253524625739
2024,Houston,12,3.3327792586176597,2.5,4.0,12.0,0.3333333333333333,2023->2024,-0.6672207413823403
2024,Illinois,13,5.584180101404667,5.5,10.0,13.0,0.7692307692307693,2023->2024,-4.415819898595333
2024,Indiana,13,4.828790658755115,4.5,11.0,13.0,0.8461538461538461,2023->2024,-6.171209341244885
2024,Iowa,13,6.442683891367568,5.5,8.0,13.0,0.6153846153846154,2023->2024,-1.557316108632432
2024,Iowa State,14,8.749385588303804,8.5,11.0,14.0,0.7857142857142857,2023->2024,-2.250614411696196
2024,Jacksonville State,13,7.722130760536627,7.5,9.0,14.0,0.6428571428571429,2023->2024,-1.2778692394633726
2024,James Madison,13,10.9384295791927,10.5,9.0,13.0,0.6923076923076923,2023->2024,1.9384295791927002
2024,Kansas,12,8.326387912346263,7.5,5.0,12.0,0.4166666666666667,2023->2024,3.326387912346263
2024,Kansas State,13,10.0995199971445,9.5,9.0,13.0,0.6923076923076923,2023->2024,1.0995199971444993
2024,Kent State,12,2.5352030387617797,1.5,0.0,12.0,0.0,2023->2024,2.5352030387617797
2024,Kentucky,12,7.0476999140963645,6.5,4.0,12.0,0.3333333333333333,2023->2024,3.0476999140963645
2024,LSU,13,9.620335977464192,9.5,9.0,13.0,0.6923076923076923,2023->2024,0.6203359774641921
2024,Liberty,12,9.896047889423897,9.5,8.0,12.0,0.6666666666666666,2023->2024,1.8960478894238975
2024,Louisiana,13,7.69499028564933,7.5,10.0,14.0,0.7142857142857143,2023->2024,-2.3050097143506703
2024,Louisiana Tech,12,4.946037341040311,4.5,5.0,13.0,0.3846153846153846,2023->2024,-0.05396265895968888
2024,Louisville,13,7.9575731739094335,7.5,9.0,13.0,0.6923076923076923,2023->2024,-1.0424268260905665
2024,Marshall,13,5.512490870421684,4.5,10.0,13.0,0.7692307692307693,2023->2024,-4.487509129578316
2024,Maryland,12,8.255528293551738,7.5,4.0,12.0,0.3333333333333333,2023->2024,4.255528293551738
2024,Massachusetts,12,3.6305229154504177,3.5,2.0,12.0,0.1666666666666666,2023->2024,1.6305229154504177
2024,Memphis,13,8.4266063881461,7.5,11.0,13.0,0.8461538461538461,2023->2024,-2.5733936118539003
2024,Miami,13,8.673964507217693,8.5,10.0,13.0,0.7692307692307693,2023->2024,-1.3260354927823066
2024,Miami (OH),14,9.574327618458058,9.5,9.0,14.0,0.6428571428571429,2023->2024,0.5743276184580584
2024,Michigan,13,11.121194163322464,10.5,8.0,13.0,0.6153846153846154,2023->2024,3.121194163322464
2024,Michigan State,12,4.3117915667085365,3.5,5.0,12.0,0.4166666666666667,2023->2024,-0.6882084332914635
2024,Middle Tennessee,11,4.406372827401504,3.5,3.0,12.0,0.25,2023->2024,1.406372827401504
2024,Minnesota,13,5.341915499007277,4.5,8.0,13.0,0.6153846153846154,2023->2024,-2.6580845009927234
2024,Mississippi State,12,4.7837712058405994,4.5,2.0,12.0,0.1666666666666666,2023->2024,2.7837712058405994
2024,Missouri,13,10.358069905477866,9.5,10.0,13.0,0.7692307692307693,2023->2024,0.35806990547786555
2024,NC State,13,8.979295566452407,8.5,6.0,13.0,0.4615384615384615,2023->2024,2.9792955664524072
2024,Navy,13,4.706563410051316,4.5,10.0,13.0,0.7692307692307693,2023->2024,-5.293436589948684
2024,Nebraska,13,6.846328641524412,6.5,7.0,13.0,0.5384615384615384,2023->2024,-0.153671358475588
2024,Nevada,13,2.20090736845714,1.5,3.0,13.0,0.2307692307692307,2023->2024,-0.7990926315428601
2024,New Mexico,12,3.3926887259306118,2.5,5.0,12.0,0.4166666666666667,2023->2024,-1.6073112740693882
2024,New Mexico State,12,7.340631164933486,6.5,3.0,12.0,0.25,2023->2024,4.340631164933486
2024,North Carolina,13,8.961085245827535,8.5,6.0,13.0,0.4615384615384615,2023->2024,2.961085245827535
2024,North Texas,13,6.1006465344540155,5.5,6.0,13.0,0.4615384615384615,2023->2024,0.1006465344540155
2024,Northern Illinois,13,6.6843410328658805,6.5,8.0,13.0,0.6153846153846154,2023->2024,-1.3156589671341195
2024,Northwestern,12,4.566227354001868,4.5,4.0,12.0,0.3333333333333333,2023->2024,0.5662273540018683
2024,Notre Dame,16,11.955874169130174,11.5,14.0,16.0,0.875,2023->2024,-2.0441258308698256
2024,Ohio,14,8.53220487177586,8.5,11.0,14.0,0.7857142857142857,2023->2024,-2.4677951282241395
2024,Ohio State,16,12.164616292496918,11.5,14.0,16.0,0.875,2023->2024,-1.835383707503082
2024,Oklahoma,13,8.339887775509904,7.5,6.0,13.0,0.4615384615384615,2023->2024,2.3398877755099043
2024,Oklahoma State,12,7.56933579425681,7.5,3.0,12.0,0.25,2023->2024,4.56933579425681
2024,Old Dominion,12,4.1160310487374705,3.5,5.0,12.0,0.4166666666666667,2023->2024,-0.8839689512625295
2024,Ole Miss,13,9.591631205418702,9.5,10.0,13.0,0.7692307692307693,2023->2024,-0.40836879458129793
2024,Oregon,14,10.708706485930728,10.5,13.0,14.0,0.9285714285714286,2023->2024,-2.291293514069272
2024,Oregon State,12,9.034887856282747,8.5,5.0,12.0,0.4166666666666667,2023->2024,4.034887856282747
2024,Penn State,16,12.407217150342976,11.5,13.0,16.0,0.8125,2023->2024,-0.5927828496570235
2024,Pittsburgh,13,5.344563744047303,4.5,7.0,13.0,0.5384615384615384,2023->2024,-1.6554362559526972
2024,Purdue,12,3.4256137851914072,2.5,1.0,12.0,0.0833333333333333,2023->2024,2.4256137851914072
2024,Rice,12,5.822805258265583,5.5,4.0,12.0,0.3333333333333333,2023->2024,1.822805258265583
2024,Rutgers,13,6.747731775597821,6.5,7.0,13.0,0.5384615384615384,2023->2024,-0.25226822440217944
2024,SMU,14,9.531613812463652,9.5,11.0,14.0,0.7857142857142857,2023->2024,-1.468386187536348
2024,Sam Houston,12,4.393443082975521,3.5,10.0,13.0,0.7692307692307693,2023->2024,-5.606556917024479
2024,San Diego State,12,4.801669365197696,4.5,3.0,12.0,0.25,2023->2024,1.8016693651976956
2024,San José State,12,5.976848043302972,5.5,7.0,13.0,0.5384615384615384,2023->2024,-1.0231519566970277
2024,South Alabama,13,8.745894332721258,8.5,7.0,13.0,0.5384615384615384,2023->2024,1.7458943327212584
2024,South Carolina,13,6.207115247523178,5.5,9.0,13.0,0.6923076923076923,2023->2024,-2.792884752476822
2024,South Florida,13,6.65410368406279,6.5,7.0,13.0,0.5384615384615384,2023->2024,-0.3458963159372104
2024,Southern Miss,12,3.675728717483747,3.5,1.0,12.0,0.0833333333333333,2023->2024,2.675728717483747
2024,Stanford,12,3.044385003211749,2.5,3.0,12.0,0.25,2023->2024,0.04438500321174921
2024,Syracuse,13,6.125739026204716,5.5,10.0,13.0,0.7692307692307693,2023->2024,-3.874260973795284
2024,TCU,13,8.289638234798565,7.5,9.0,13.0,0.6923076923076923,2023->2024,-0.7103617652014353
2024,Temple,12,2.7752406385683726,2.5,3.0,12.0,0.25,2023->2024,-0.22475936143162745
2024,Tennessee,13,8.806495831840214,8.5,10.0,13.0,0.7692307692307693,2023->2024,-1.1935041681597856
2024,Texas,16,11.72218814837133,11.5,13.0,16.0,0.8125,2023->2024,-1.2778118516286696
2024,Texas A&M,13,8.644420151882999,8.5,8.0,13.0,0.6153846153846154,2023->2024,0.6444201518829988
2024,Texas State,13,8.089536221444082,7.5,8.0,13.0,0.6153846153846154,2023->2024,0.08953622144408158
2024,Texas Tech,13,8.075436965514166,7.5,8.0,13.0,0.6153846153846154,2023->2024,0.07543696551416623
2024,Toledo,13,9.788499652814306,9.5,8.0,13.0,0.6153846153846154,2023->2024,1.7884996528143056
2024,Troy,12,9.195239494273117,8.5,4.0,12.0,0.3333333333333333,2023->2024,5.1952394942731175
2024,Tulane,14,9.010105464353035,8.5,9.0,14.0,0.6428571428571429,2023->2024,0.010105464353035387
2024,Tulsa,12,4.913757096660854,4.5,3.0,12.0,0.25,2023->2024,1.913757096660854
2024,UAB,12,5.088208706122224,4.5,3.0,12.0,0.25,2023->2024,2.0882087061222236
2024,UCF,12,6.964555139953434,6.5,4.0,12.0,0.3333333333333333,2023->2024,2.9645551399534336
2024,UCLA,12,6.599807836736814,6.5,5.0,12.0,0.4166666666666667,2023->2024,1.5998078367368143
2024,UConn,13,5.008218614176371,4.5,9.0,13.0,0.6923076923076923,2023->2024,-3.9917813858236286
2024,UL Monroe,12,2.394212776745982,1.5,5.0,12.0,0.4166666666666667,2023->2024,-2.605787223254018
2024,UNLV,14,8.445346467735153,7.5,11.0,14.0,0.7857142857142857,2023->2024,-2.5546535322648474
2024,USC,13,6.012597115089851,5.5,7.0,13.0,0.5384615384615384,2023->2024,-0.987402884910149
2024,UTEP,11,3.5905493024009045,3.5,3.0,12.0,0.25,2023->2024,0.5905493024009045
2024,UTSA,12,8.566087350413868,8.5,7.0,13.0,0.5384615384615384,2023->2024,1.5660873504138682
2024,Utah,12,8.595817031365344,8.5,5.0,12.0,0.4166666666666667,2023->2024,3.5958170313653444
2024,Utah State,12,4.88258073161807,4.5,4.0,12.0,0.3333333333333333,2023->2024,0.88258073161807
2024,Vanderbilt,13,2.8570630012866687,2.5,7.0,13.0,0.5384615384615384,2023->2024,-4.142936998713331
2024,Virginia,12,3.301005746363258,2.5,5.0,12.0,0.4166666666666667,2023->2024,-1.6989942536367422
2024,Virginia Tech,13,8.599345609398199,8.5,6.0,13.0,0.4615384615384615,2023->2024,2.599345609398199
2024,Wake Forest,12,4.405982002676576,3.5,4.0,12.0,0.3333333333333333,2023->2024,0.40598200267657614
2024,Washington,13,8.736657840221405,8.5,6.0,13.0,0.4615384615384615,2023->2024,2.7366578402214046
2024,Washington State,13,8.421078040637854,7.5,8.0,13.0,0.6153846153846154,2023->2024,0.4210780406378536
2024,West Virginia,13,7.486585081640881,6.5,6.0,13.0,0.4615384615384615,2023->2024,1.4865850816408814
2024,Western Kentucky,13,6.708680655722083,6.5,8.0,14.0,0.5714285714285714,2023->2024,-1.291319344277917
2024,Western Michigan,13,5.252159048048302,4.5,6.0,13.0,0.4615384615384615,2023->2024,-0.747840951951698
2024,Wisconsin,12,7.1320049219589405,6.5,5.0,12.0,0.4166666666666667,2023->2024,2.1320049219589405
2024,Wyoming,12,6.884471874658599,6.5,3.0,12.0,0.25,2023->2024,3.8844718746585993
2025,Air Force,12,4.693336194167157,4.5,4.0,12.0,0.3333333333333333,2024->2025,0.6933361941671574
2025,Akron,12,4.7778678759092905,4.5,5.0,12.0,0.4166666666666667,2024->2025,-0.22213212409070948
2025,Alabama,15,11.284274499030012,10.5,11.0,15.0,0.7333333333333333,2024->2025,0.2842744990300119
2025,App State,13,6.444996976867926,5.5,5.0,13.0,0.3846153846153846,2024->2025,1.4449969768679258
2025,Arizona,13,5.00209542837781,4.5,9.0,13.0,0.6923076923076923,2024->2025,-3.9979045716221897
2025,Arizona State,13,8.15053412725861,7.5,8.0,13.0,0.6153846153846154,2024->2025,0.15053412725860937
2025,Arkansas,12,5.897437498867895,5.5,2.0,12.0,0.1666666666666666,2024->2025,3.8974374988678946
2025,Arkansas State,12,5.2020956821999835,4.5,7.0,13.0,0.5384615384615384,2024->2025,-1.7979043178000165
2025,Army,13,9.651970624523669,9.5,7.0,13.0,0.5384615384615384,2024->2025,2.6519706245236687
2025,Auburn,12,6.390116430974873,5.5,5.0,12.0,0.4166666666666667,2024->2025,1.3901164309748726
2025,BYU,14,10.665097215669153,10.5,12.0,14.0,0.8571428571428571,2024->2025,-1.334902784330847
2025,Ball State,12,3.7662700944826035,3.5,4.0,12.0,0.3333333333333333,2024->2025,-0.23372990551739647
2025,Baylor,12,7.223153168514393,6.5,5.0,12.0,0.4166666666666667,2024->2025,2.2231531685143926
2025,Boise State,14,10.525567766215936,10.5,9.0,14.0,0.6428571428571429,2024->2025,1.5255677662159357
2025,Boston College,12,5.362531270966385,4.5,2.0,12.0,0.1666666666666666,2024->2025,3.362531270966385
2025,Bowling Green,12,7.679500332724279,7.5,4.0,12.0,0.3333333333333333,2024->2025,3.6795003327242792
2025,Buffalo,12,7.399630009820788,6.5,5.0,12.0,0.4166666666666667,2024->2025,2.399630009820788
2025,California,13,7.468555966923997,6.5,7.0,13.0,0.5384615384615384,2024->2025,0.46855596692399715
2025,Central Michigan,13,5.063430089367943,4.5,7.0,13.0,0.5384615384615384,2024->2025,-1.9365699106320573
2025,Charlotte,12,3.605347835676437,3.5,1.0,12.0,0.0833333333333333,2024->2025,2.605347835676437
2025,Cincinnati,13,5.803137901316547,5.5,7.0,13.0,0.5384615384615384,2024->2025,-1.1968620986834528
2025,Clemson,13,8.23533137185877,7.5,7.0,13.0,0.5384615384615384,2024->2025,1.23533137185877
2025,Coastal Carolina,13,5.984471428342182,5.5,6.0,13.0,0.4615384615384615,2024->2025,-0.015528571657817736
2025,Colorado,11,6.566506696194053,6.5,3.0,12.0,0.25,2024->2025,3.566506696194053
2025,Colorado State,12,6.421074000506208,5.5,2.0,12.0,0.1666666666666666,2024->2025,4.421074000506208
2025,Duke,14,7.990874100628619,7.5,9.0,14.0,0.6428571428571429,2024->2025,-1.009125899371381
2025,East Carolina,13,7.063849797407625,6.5,9.0,13.0,0.6923076923076923,2024->2025,-1.9361502025923754
2025,Eastern Michigan,12,4.191699268426882,3.5,4.0,12.0,0.3333333333333333,2024->2025,0.19169926842688234
2025,Florida,12,6.458694134960126,5.5,4.0,12.0,0.3333333333333333,2024->2025,2.458694134960126
2025,Florida Atlantic,12,4.438111418051405,3.5,4.0,12.0,0.3333333333333333,2024->2025,0.4381114180514052
2025,Florida International,11,4.551517531952388,4.5,7.0,13.0,0.5384615384615384,2024->2025,-2.4484824680476116
2025,Florida State,12,4.997149461824413,4.5,5.0,12.0,0.4166666666666667,2024->2025,-0.002850538175587225
2025,Fresno State,13,7.319976996139055,6.5,9.0,13.0,0.6923076923076923,2024->2025,-1.6800230038609447
2025,Georgia,14,9.975982734163603,9.5,12.0,14.0,0.8571428571428571,2024->2025,-2.024017265836397
2025,Georgia Southern,13,7.643842789938256,7.5,7.0,13.0,0.5384615384615384,2024->2025,0.6438427899382564
2025,Georgia State,12,2.5468469950723356,1.5,1.0,12.0,0.0833333333333333,2024->2025,1.5468469950723356
2025,Georgia Tech,13,5.970472094784327,5.5,9.0,13.0,0.6923076923076923,2024->2025,-3.029527905215673
2025,Hawai'i,13,5.710455046105805,5.5,9.0,13.0,0.6923076923076923,2024->2025,-3.289544953894195
2025,Houston,13,4.2620018385709635,3.5,10.0,13.0,0.7692307692307693,2024->2025,-5.7379981614290365
2025,Illinois,13,7.949652815732604,7.5,9.0,13.0,0.6923076923076923,2024->2025,-1.0503471842673964
2025,Indiana,16,11.026587659055274,10.5,16.0,16.0,1.0,2024->2025,-4.973412340944726
2025,Iowa,13,8.508761060915695,8.5,9.0,13.0,0.6923076923076923,2024->2025,-0.4912389390843046
2025,Iowa State,12,7.367159001348517,6.5,8.0,12.0,0.6666666666666666,2024->2025,-0.6328409986514831
2025,Jacksonville State,13,9.256112211482007,8.5,9.0,14.0,0.6428571428571429,2024->2025,0.2561122114820069
2025,James Madison,14,9.183176173363922,8.5,12.0,14.0,0.8571428571428571,2024->2025,-2.816823826636078
2025,Kansas,12,6.701118555257678,6.5,5.0,12.0,0.4166666666666667,2024->2025,1.7011185552576782
2025,Kansas State,12,8.382837620881846,7.5,6.0,12.0,0.5,2024->2025,2.382837620881846
2025,Kennesaw State,13,3.2410399845013282,2.5,10.0,14.0,0.7142857142857143,2024->2025,-6.758960015498672
2025,Kent State,12,1.6438342789239118,1.5,5.0,12.0,0.4166666666666667,2024->2025,-3.3561657210760885
2025,Kentucky,12,4.954790999137444,4.5,5.0,12.0,0.4166666666666667,2024->2025,-0.04520900086255608
2025,LSU,13,8.262770545406207,7.5,7.0,13.0,0.5384615384615384,2024->2025,1.262770545406207
2025,Liberty,10,6.9432920280518236,6.5,4.0,12.0,0.3333333333333333,2024->2025,2.9432920280518236
2025,Louisiana,12,8.176524240500573,7.5,6.0,13.0,0.4615384615384615,2024->2025,2.176524240500573
2025,Louisiana Tech,11,5.6034403210747215,5.5,8.0,13.0,0.6153846153846154,2024->2025,-2.3965596789252785
2025,Louisville,13,8.849381771963586,8.5,9.0,13.0,0.6923076923076923,2024->2025,-0.15061822803641434
2025,Marshall,11,6.923337991518149,6.5,5.0,12.0,0.4166666666666667,2024->2025,1.9233379915181494
2025,Maryland,12,4.968001719661617,4.5,4.0,12.0,0.3333333333333333,2024->2025,0.9680017196616166
2025,Massachusetts,12,3.5674059576356507,3.5,0.0,12.0,0.0,2024->2025,3.5674059576356507
2025,Memphis,13,10.05322247442751,9.5,8.0,13.0,0.6153846153846154,2024->2025,2.0532224744275105
2025,Miami,16,11.053299782011003,10.5,13.0,16.0,0.8125,2024->2025,-1.9467002179889974
2025,Miami (OH),14,8.83881484818154,8.5,7.0,14.0,0.5,2024->2025,1.8388148481815403
2025,Michigan,13,8.354335634597078,7.5,9.0,13.0,0.6923076923076923,2024->2025,-0.6456643654029222
2025,Michigan State,12,4.108344326109288,3.5,4.0,12.0,0.3333333333333333,2024->2025,0.10834432610928779
2025,Middle Tennessee,10,2.563755827243154,2.5,3.0,12.0,0.25,2024->2025,-0.436244172756846
2025,Minnesota,13,8.523861707225374,8.5,8.0,13.0,0.6153846153846154,2024->2025,0.5238617072253735
2025,Mississippi State,13,4.025828002720602,3.5,5.0,13.0,0.3846153846153846,2024->2025,-0.9741719972793978
2025,Missouri,13,8.739605742092598,8.5,8.0,13.0,0.6153846153846154,2024->2025,0.7396057420925981
2025,NC State,13,6.77361982630347,6.5,8.0,13.0,0.6153846153846154,2024->2025,-1.2263801736965299
2025,Navy,13,8.73330137657655,8.5,11.0,13.0,0.8461538461538461,2024->2025,-2.2666986234234496
2025,Nebraska,13,7.368484732459932,6.5,7.0,13.0,0.5384615384615384,2024->2025,0.3684847324599323
2025,Nevada,12,4.176925101186966,3.5,3.0,12.0,0.25,2024->2025,1.1769251011869661
2025,New Mexico,13,4.834638053317115,4.5,9.0,13.0,0.6923076923076923,2024->2025,-4.165361946682885
2025,New Mexico State,11,4.380427506332228,3.5,4.0,12.0,0.3333333333333333,2024->2025,0.38042750633222777
2025,North Carolina,12,7.241098698316015,6.5,4.0,12.0,0.3333333333333333,2024->2025,3.241098698316015
2025,North Texas,14,7.449824500294419,6.5,12.0,14.0,0.8571428571428571,2024->2025,-4.550175499705581
2025,Northern Illinois,12,7.773349734814887,7.5,3.0,12.0,0.25,2024->2025,4.773349734814887
2025,Northwestern,13,4.491983240074931,3.5,7.0,13.0,0.5384615384615384,2024->2025,-2.508016759925069
2025,Notre Dame,12,9.77479287359887,9.5,10.0,12.0,0.8333333333333334,2024->2025,-0.2252071264011306
2025,Ohio,13,8.039240646486023,7.5,9.0,13.0,0.6923076923076923,2024->2025,-0.9607593535139767
2025,Ohio State,14,12.15938831376873,11.5,12.0,14.0,0.8571428571428571,2024->2025,0.15938831376872997
2025,Oklahoma,13,6.180757079193823,5.5,10.0,13.0,0.7692307692307693,2024->2025,-3.819242920806177
2025,Oklahoma State,12,5.245224666930356,4.5,1.0,12.0,0.0833333333333333,2024->2025,4.245224666930356
2025,Old Dominion,13,5.948169616032688,5.5,10.0,13.0,0.7692307692307693,2024->2025,-4.051830383967312
2025,Ole Miss,15,12.338586560045453,11.5,13.0,15.0,0.8666666666666667,2024->2025,-0.661413439954547
2025,Oregon,15,12.280926954334761,11.5,13.0,15.0,0.8666666666666667,2024->2025,-0.7190730456652386
2025,Oregon State,12,5.562000423840784,5.5,2.0,12.0,0.1666666666666666,2024->2025,3.562000423840784
2025,Penn State,13,10.260464878692035,9.5,7.0,13.0,0.5384615384615384,2024->2025,3.2604648786920354
2025,Pittsburgh,13,7.22859638834396,6.5,8.0,13.0,0.6153846153846154,2024->2025,-0.7714036116560399
2025,Purdue,12,2.3215144767945852,1.5,2.0,12.0,0.1666666666666666,2024->2025,0.3215144767945852
2025,Rice,13,4.814176643320272,4.5,5.0,13.0,0.3846153846153846,2024->2025,-0.1858233566797276
2025,Rutgers,12,5.963710049396428,5.5,5.0,12.0,0.4166666666666667,2024->2025,0.9637100493964281
2025,SMU,12,8.932759814320619,8.5,9.0,13.0,0.6923076923076923,2024->2025,-0.06724018567938117
2025,Sam Houston,11,5.453661325621197,4.5,2.0,12.0,0.1666666666666666,2024->2025,3.453661325621197
2025,San Diego State,13,4.35336082616937,3.5,9.0,13.0,0.6923076923076923,2024->2025,-4.64663917383063
2025,San José State,12,7.23672171591113,6.5,3.0,12.0,0.25,2024->2025,4.23672171591113
2025,South Alabama,12,8.065086343320424,7.5,4.0,12.0,0.3333333333333333,2024->2025,4.065086343320424
2025,South Carolina,12,7.534789041382932,7.5,4.0,12.0,0.3333333333333333,2024->2025,3.5347890413829317
2025,South Florida,13,6.511212120937103,6.5,9.0,13.0,0.6923076923076923,2024->2025,-2.4887878790628966
2025,Southern Miss,13,2.3507556679881936,1.5,7.0,13.0,0.5384615384615384,2024->2025,-4.649244332011806
2025,Stanford,12,3.184297365088927,2.5,4.0,12.0,0.3333333333333333,2024->2025,-0.815702634911073
2025,Syracuse,12,5.424735278913196,4.5,3.0,12.0,0.25,2024->2025,2.4247352789131957
2025,TCU,13,7.617586558848802,7.5,9.0,13.0,0.6923076923076923,2024->2025,-1.382413441151198
2025,Temple,12,2.8943726455231364,2.5,5.0,12.0,0.4166666666666667,2024->2025,-2.1056273544768636
2025,Tennessee,13,10.12503437046702,9.5,8.0,13.0,0.6153846153846154,2024->2025,2.12503437046702
2025,Texas,13,10.03681522454454,9.5,10.0,13.0,0.7692307692307693,2024->2025,0.036815224544540115
2025,Texas A&M,13,8.174487209460587,7.5,11.0,13.0,0.8461538461538461,2024->2025,-2.8255127905394133
2025,Texas State,13,9.02430593463202,8.5,7.0,13.0,0.5384615384615384,2024->2025,2.02430593463202
2025,Texas Tech,14,7.425784436880461,6.5,12.0,14.0,0.8571428571428571,2024->2025,-4.574215563119539
2025,Toledo,13,7.6496324957226935,7.5,8.0,13.0,0.6153846153846154,2024->2025,-0.35036750427730645
2025,Troy,14,6.350289692741203,5.5,8.0,14.0,0.5714285714285714,2024->2025,-1.6497103072587969
2025,Tulane,14,8.446463815060891,7.5,11.0,14.0,0.7857142857142857,2024->2025,-2.5535361849391087
2025,Tulsa,12,3.1410306703524835,2.5,4.0,12.0,0.3333333333333333,2024->2025,-0.8589693296475165
2025,UAB,12,4.614209935805046,4.5,4.0,12.0,0.3333333333333333,2024->2025,0.6142099358050457
2025,UCF,12,6.275498921068684,5.5,5.0,12.0,0.4166666666666667,2024->2025,1.2754989210686842
2025,UCLA,12,4.428038599938959,3.5,3.0,12.0,0.25,2024->2025,1.4280385999389589
2025,UConn,12,7.864978781953636,7.5,9.0,13.0,0.6923076923076923,2024->2025,-1.1350212180463641
2025,UL Monroe,12,3.968843005108754,3.5,3.0,12.0,0.25,2024->2025,0.968843005108754
2025,UNLV,14,10.6052289412342,10.5,10.0,14.0,0.7142857142857143,2024->2025,0.6052289412342002
2025,USC,12,7.290017120436524,6.5,9.0,13.0,0.6923076923076923,2024->2025,-1.7099828795634764
2025,UTEP,10,3.087765103865787,2.5,2.0,12.0,0.1666666666666666,2024->2025,1.0877651038657872
2025,UTSA,13,8.081849785532466,7.5,7.0,13.0,0.5384615384615384,2024->2025,1.0818497855324658
2025,Utah,13,7.882937422684727,7.5,11.0,13.0,0.8461538461538461,2024->2025,-3.1170625773152727
2025,Utah State,13,5.38194238487105,4.5,6.0,13.0,0.4615384615384615,2024->2025,-0.6180576151289499
2025,Vanderbilt,13,5.655088631217269,5.5,10.0,13.0,0.7692307692307693,2024->2025,-4.344911368782731
2025,Virginia,14,5.477458546972426,4.5,11.0,14.0,0.7857142857142857,2024->2025,-5.522541453027574
2025,Virginia Tech,12,7.793739800346499,7.5,3.0,12.0,0.25,2024->2025,4.793739800346499
2025,Wake Forest,12,5.106356869940108,4.5,9.0,13.0,0.6923076923076923,2024->2025,-3.8936431300598917
2025,Washington,13,6.442855084609068,5.5,9.0,13.0,0.6923076923076923,2024->2025,-2.557144915390932
2025,Washington State,13,7.852147782110857,7.5,7.0,13.0,0.5384615384615384,2024->2025,0.8521477821108574
2025,West Virginia,12,5.563064767751409,5.5,4.0,12.0,0.3333333333333333,2024->2025,1.563064767751409
2025,Western Kentucky,11,7.440024596355535,6.5,9.0,13.0,0.6923076923076923,2024->2025,-1.559975403644465
2025,Western Michigan,14,6.698293245008189,6.5,10.0,14.0,0.7142857142857143,2024->2025,-3.3017067549918107
2025,Wisconsin,12,4.4904471275412305,3.5,4.0,12.0,0.3333333333333333,2024->2025,0.49044712754123054
2025,Wyoming,12,4.861827656021828,4.5,4.0,12.0,0.3333333333333333,2024->2025,0.8618276560218279
